Year,Team,Player,Pos...4,WAR,G,PA,AB,R,H,2B,3B,HR,RBI,SB,CS,BB,SO,BA,OBP,SLG,OPS,OPS+,rOBA,Rbat+,TB,GIDP,HBP,SH,SF,IBB,Pos...32,Awards,Player-additional
2015,Toronto Blue Jays,Russell Martin,C,3.2,129,507,441,76,106,23,2,23,77,4,5,53,106,0.24,0.329,0.458,0.787,112,0.347,116,202,22,8,0,5,1,*2/HD4,ASMVP-24,martiru01
2015,Toronto Blue Jays,Justin Smoak,1B,0.9,132,328,296,44,67,16,1,18,59,0,0,29,86,0.226,0.299,0.47,0.768,105,0.338,107,139,10,2,0,1,0,*3H/D,NA,smoakju01
2015,Toronto Blue Jays,Ryan Goins,2B,2,128,428,376,52,94,16,4,5,45,2,1,39,83,0.25,0.318,0.354,0.672,83,0.303,81,133,12,1,7,5,0,46/H579,NA,goinsry01
2015,Toronto Blue Jays,José Reyes,SS,0.6,69,311,288,36,82,17,0,4,34,16,2,17,38,0.285,0.322,0.385,0.708,92,0.323,89,111,3,0,4,2,0,6,NA,reyesjo01
2015,Toronto Blue Jays,Ben Revere,LF,0.6,56,246,226,35,72,9,1,1,19,7,2,13,28,0.319,0.354,0.381,0.734,101,0.327,97,86,1,1,3,3,0,8-Jul,NA,reverbe01
2015,Toronto Blue Jays,Kevin Pillar,CF,5.2,159,628,586,76,163,31,2,12,56,25,4,28,85,0.278,0.314,0.399,0.713,93,0.321,90,234,9,5,4,5,1,*87/9H,NA,pillake01
2015,Toronto Blue Jays,José Bautista,RF,4.8,153,666,543,108,136,29,3,40,114,8,2,110,106,0.25,0.377,0.536,0.913,145,0.391,146,291,19,5,0,8,2,*9D/H,ASMVP-8,bautijo02
2015,Toronto Blue Jays,Edwin Encarnación,DH,4.9,146,624,528,94,146,31,0,39,111,3,2,77,98,0.277,0.372,0.557,0.929,148,0.394,149,294,14,9,0,10,5,D3/H,MVP-12,encared01
2015,Toronto Blue Jays,Chris Colabello,UT,0.7,101,360,333,55,107,19,1,15,54,2,0,22,96,0.321,0.367,0.52,0.886,138,0.389,144,173,12,3,0,2,0,37H9D,NA,colabch01
2015,Toronto Blue Jays,Devon Travis,2B,2.1,62,239,217,38,66,18,0,8,35,3,1,18,43,0.304,0.361,0.498,0.859,131,0.381,139,108,4,2,0,1,0,4/H,NA,travide01
2015,Toronto Blue Jays,Ezequiel Carrera,OF,-1,91,192,172,27,47,8,0,3,26,2,1,11,45,0.273,0.321,0.372,0.693,88,0.309,86,64,1,2,5,2,0,79H/8D,NA,carreez01
2015,Toronto Blue Jays,Dioner Navarro,C,0.8,54,192,171,17,42,7,0,5,20,0,0,17,29,0.246,0.307,0.374,0.682,85,0.3,79,64,0,0,0,4,1,2D/H,NA,navardi01
2015,Toronto Blue Jays,Troy Tulowitzki,SS,0.9,41,183,163,31,39,8,0,5,17,1,0,14,42,0.239,0.317,0.38,0.697,89,0.318,91,62,4,5,0,1,1,6/DH,AS,tulowtr01
2015,Toronto Blue Jays,Danny Valencia,LF,0.3,58,173,162,26,48,13,0,7,29,2,1,9,40,0.296,0.331,0.506,0.838,124,0.355,120,82,4,0,1,1,0,7H5/394D,NA,valenda01
2015,Toronto Blue Jays,Dalton Pompey,CF,0.6,34,103,94,17,21,8,0,2,6,5,1,7,23,0.223,0.291,0.372,0.664,79,0.295,71,35,1,2,0,0,0,8/H7D,NA,pompeda01
2015,Toronto Blue Jays,Cliff Pennington,2B,-0.3,33,92,75,9,12,3,0,2,11,0,0,11,20,0.16,0.27,0.28,0.55,51,0.252,42,21,2,1,3,2,0,4/5H67D,NA,pennicl01
2015,Toronto Blue Jays,Josh Thole,C,-0.4,18,52,49,5,10,2,0,0,2,0,0,3,9,0.204,0.25,0.245,0.495,36,0.226,24,12,2,0,0,0,0,2,NA,tholejo01
2015,Toronto Blue Jays,Steven Tolleson,UT,0.5,19,45,41,9,11,5,1,0,3,2,0,4,9,0.268,0.333,0.439,0.772,108,0.343,103,18,1,0,0,0,0,4/67H9,NA,tollest01
2015,Toronto Blue Jays,Michael Saunders,OF,-0.2,9,36,31,2,6,0,0,0,3,0,0,5,10,0.194,0.306,0.194,0.499,41,0.29,72,6,1,0,0,0,0,/97,NA,saundmi01
2015,Toronto Blue Jays,Munenori Kawasaki,IF,0.2,23,34,28,6,6,2,0,0,2,0,1,4,6,0.214,0.313,0.286,0.598,65,0.258,57,8,1,0,2,0,0,4/H5,NA,kawasmu01
2015,Toronto Blue Jays,Darwin Barney,2B,0.4,15,26,23,4,7,1,0,2,4,0,0,1,2,0.304,0.333,0.609,0.942,149,0.437,187,14,0,0,2,0,0,4/H,NA,barneda01
2015,Toronto Blue Jays,Jonathan Diaz,UT,-0.1,7,16,13,1,2,0,0,0,2,0,0,1,3,0.154,0.267,0.154,0.421,20,0.207,4,2,0,1,1,0,0,/67,NA,diazjo02
2015,Toronto Blue Jays,Matt Hague,CI,0,10,15,12,1,3,1,0,0,0,0,0,2,4,0.25,0.4,0.333,0.733,104,0.318,92,4,0,1,0,0,1,/H3D5,NA,haguema01
2015,Washington Nationals,Wilson Ramos,C,1,128,504,475,41,109,16,0,15,68,0,0,21,101,0.229,0.258,0.358,0.616,66,0.28,63,170,16,0,0,8,2,*2/HD,NA,ramoswi01
2015,Washington Nationals,Ryan Zimmerman,1B,0.7,95,390,346,43,86,25,1,16,73,1,0,33,79,0.249,0.308,0.465,0.773,107,0.343,109,161,13,1,0,10,0,3/H7,NA,zimmery01
2015,Washington Nationals,Danny Espinosa,2B,1.9,118,412,367,59,88,21,1,13,37,5,2,33,106,0.24,0.311,0.409,0.719,94,0.319,91,150,6,6,3,3,5,45H/637,NA,espinda01
2015,Washington Nationals,Ian Desmond,SS,2,156,641,583,69,136,27,2,19,62,13,5,45,187,0.233,0.29,0.384,0.674,82,0.308,82,224,9,3,6,4,0,*6/H,NA,desmoia01
2015,Washington Nationals,Yunel Escobar,3B,2,139,591,535,75,168,25,1,9,56,2,2,45,70,0.314,0.375,0.415,0.79,115,0.359,121,222,24,8,1,2,0,*5/DH,NA,escobyu01
2015,Washington Nationals,Jayson Werth,LF,-1.5,88,378,331,51,73,16,1,12,42,0,1,38,84,0.221,0.302,0.384,0.685,85,0.305,82,127,8,3,0,6,0,79/HD,NA,werthja01
2015,Washington Nationals,Michael A. Taylor,CF,0.4,138,511,472,49,108,15,2,14,63,16,3,35,158,0.229,0.282,0.358,0.64,73,0.292,67,169,5,1,1,2,9,*87H/9,NA,taylomi02
2015,Washington Nationals,Anthony Rendon,IF,0.5,80,355,311,43,82,16,0,5,25,1,2,36,70,0.264,0.344,0.363,0.707,93,0.318,92,113,8,4,0,4,0,45/H,NA,rendoan01
2015,Washington Nationals,Clint Robinson,UT,-0.1,126,352,309,44,84,15,1,10,34,0,0,37,52,0.272,0.358,0.424,0.782,112,0.352,116,131,6,5,0,1,4,3H79/D1,NA,robincl01
2015,Washington Nationals,Denard Span,CF,1.1,61,275,246,38,74,17,0,5,22,11,0,25,26,0.301,0.365,0.431,0.796,116,0.377,127,106,5,1,1,2,0,8,NA,spande01
2015,Washington Nationals,Tyler Moore,1B,-1.3,97,200,187,14,38,12,0,6,27,0,0,11,45,0.203,0.25,0.364,0.614,64,0.279,61,68,2,1,0,1,2,H37/19,NA,moorety01
2015,Washington Nationals,Jose Lobaton,C,-0.6,44,155,136,11,27,4,0,3,20,0,0,15,40,0.199,0.279,0.294,0.573,57,0.277,60,40,5,1,1,2,1,2/H,NA,lobatjo01
2015,Washington Nationals,Dan Uggla,2B,-0.5,67,141,120,12,22,4,2,2,16,0,1,19,40,0.183,0.298,0.3,0.598,64,0.283,68,36,3,1,0,1,0,H4/3D,NA,ugglada01
2015,Washington Nationals,Matt den Dekker,LF,0.5,55,110,99,12,25,6,1,5,12,0,1,9,20,0.253,0.315,0.485,0.8,114,0.341,111,48,0,0,2,0,0,7H9/8,NA,dendema01
2015,Washington Nationals,Trea Turner,MI,0.3,27,44,40,5,9,1,0,1,1,2,2,4,12,0.225,0.295,0.325,0.62,69,0.29,78,13,0,0,0,0,0,H4/6,NA,turnetr01
2015,Washington Nationals,Reed Johnson,OF,-0.2,17,24,22,0,5,1,0,0,3,0,0,0,6,0.227,0.25,0.273,0.523,42,0.233,28,6,1,1,0,1,0,H/79,NA,johnsre02
2015,Washington Nationals,Wilmer Difo,2B,-0.2,15,11,11,1,2,0,0,0,0,0,0,0,2,0.182,0.182,0.182,0.364,0,0.155,-29,2,0,0,0,0,0,H/4,NA,difowi01
2015,Washington Nationals,Emmanuel Burriss,2B,0.2,5,5,3,2,2,0,0,0,0,0,0,2,0,0.667,0.8,0.667,1.467,306,0.598,298,2,0,0,0,0,0,/H4,NA,burriem01
2015,Washington Nationals,Pedro Severino,C,0.1,2,4,4,1,1,1,0,0,0,0,0,0,1,0.25,0.25,0.5,0.75,97,0.316,88,2,0,0,0,0,0,/2H,NA,severpe01
2016,Los Angeles Angels,Carlos Pérez,C,0.7,87,291,268,25,56,16,0,5,31,1,0,12,49,0.209,0.244,0.325,0.568,56,0.252,48,87,6,1,8,2,0,2/H3D,NA,perezca02
2016,Los Angeles Angels,C.J. Cron,1B,1.9,116,445,407,51,113,25,2,16,69,2,3,24,75,0.278,0.325,0.467,0.792,116,0.344,119,190,9,7,0,5,1,3D/H,NA,croncj01
2016,Los Angeles Angels,Johnny Giavotella,2B,0.2,99,367,346,44,90,20,1,6,31,4,3,13,39,0.26,0.287,0.376,0.662,82,0.298,84,130,11,1,4,3,0,4/H,NA,giavojo01
2016,Los Angeles Angels,Andrelton Simmons,SS,4.4,124,483,448,48,126,22,2,4,44,10,1,28,38,0.281,0.324,0.366,0.69,91,0.318,96,164,16,2,1,4,0,*6,NA,simmoan01
2016,Los Angeles Angels,Yunel Escobar,3B,1.2,132,567,517,68,157,28,1,5,39,0,3,40,67,0.304,0.355,0.391,0.745,107,0.33,110,202,21,3,3,4,0,*5/H,NA,escobyu01
2016,Los Angeles Angels,Rafael Ortega,LF,-0.4,66,202,185,24,43,8,0,1,16,8,3,13,23,0.232,0.283,0.292,0.575,60,0.271,62,54,5,0,3,0,0,7H8/9D,NA,ortegra01
2016,Los Angeles Angels,Kole Calhoun,RF,3.2,157,672,594,91,161,35,5,18,75,2,3,67,118,0.271,0.348,0.438,0.786,116,0.338,114,260,10,6,0,5,0,*9/DH,NA,calhoko01
2016,Los Angeles Angels,Albert Pujols,DH,1.5,152,650,593,71,159,19,0,31,119,4,0,49,75,0.268,0.323,0.457,0.78,113,0.339,113,271,24,2,0,6,6,*D3/H,NA,pujolal01
2016,Los Angeles Angels,Jefry Marté,UT,0.9,88,284,258,38,65,14,0,15,44,2,2,18,59,0.252,0.31,0.481,0.79,114,0.342,118,124,8,5,0,3,0,375H/D,NA,marteje01
2016,Los Angeles Angels,Jett Bandy,C,1,70,231,209,23,49,9,0,8,25,1,0,11,38,0.234,0.281,0.392,0.673,84,0.303,86,82,5,4,3,4,0,2/HD,NA,bandyje01
2016,Los Angeles Angels,Gregorio Petit,MI,-0.3,89,223,204,21,50,13,1,2,17,1,1,15,51,0.245,0.299,0.348,0.647,79,0.28,71,71,7,1,2,1,1,46H5/7D9,NA,petitgr01
2016,Los Angeles Angels,Cliff Pennington,2B,0.5,74,188,172,18,36,4,2,3,10,1,0,13,55,0.209,0.265,0.308,0.573,58,0.264,57,53,4,0,3,0,0,46H/35D,NA,pennicl01
2016,Los Angeles Angels,Daniel Nava,LF,-0.8,45,136,119,10,28,5,0,1,13,0,0,9,26,0.235,0.309,0.303,0.611,71,0.283,73,36,2,5,0,3,0,7H/9D,NA,navada01
2016,Los Angeles Angels,Jiman Choi,UT,-0.6,54,129,112,9,19,4,0,5,12,2,4,16,27,0.17,0.271,0.339,0.611,68,0.26,65,38,2,0,0,1,1,37H/D,NA,choiji01
2016,Los Angeles Angels,Shane Robinson,OF,0.2,65,111,98,16,17,3,0,1,10,3,2,10,17,0.173,0.257,0.235,0.492,38,0.24,42,23,3,1,2,0,0,78H/9D,NA,robinsh01
2016,Los Angeles Angels,Nick Buss,LF,-0.2,36,90,81,7,16,7,1,1,8,2,1,6,24,0.198,0.247,0.346,0.593,62,0.25,49,28,4,0,1,2,0,7/H98D,NA,bussni01
2016,Los Angeles Angels,Kaleb Cowart,IF,-0.4,31,87,85,8,15,4,0,1,8,0,0,0,23,0.176,0.184,0.259,0.443,21,0.2,12,22,1,1,0,1,0,54/H3,NA,cowarka01
2016,Los Angeles Angels,Geovany Soto,C,0.4,26,86,78,11,21,5,0,4,9,0,0,6,21,0.269,0.321,0.487,0.809,120,0.345,119,38,1,0,2,0,0,2/35H,NA,sotoge01
2016,Los Angeles Angels,Craig Gentry,LF,-0.4,14,39,34,2,5,1,0,0,2,0,0,3,6,0.147,0.237,0.176,0.413,18,0.195,6,6,2,1,1,0,0,7/H8D,NA,gentrcr01
2016,Los Angeles Angels,Todd Cunningham,LF,-0.1,20,29,27,5,4,3,0,0,1,0,1,1,6,0.148,0.179,0.259,0.438,19,0.171,1,7,1,0,1,0,0,7/H89D,NA,cunnito01
2016,Los Angeles Angels,Juan Graterol,C,0.2,9,15,14,2,4,2,0,0,3,0,0,0,3,0.286,0.286,0.429,0.714,94,0.304,87,6,0,0,1,0,0,/2,NA,grateju01
2016,Los Angeles Angels,Brendan Ryan,SS,-0.2,17,14,13,1,1,0,0,0,0,0,0,0,7,0.077,0.077,0.077,0.154,-57,0.069,-97,1,0,0,1,0,0,6/7H,NA,ryanbr01
2016,Chicago Cubs,Miguel Montero,C,-0.3,86,284,241,33,52,8,1,8,33,1,0,38,58,0.216,0.327,0.357,0.684,82,0.312,82,86,8,3,0,2,5,2H/1D,NA,montemi01
2016,Chicago Cubs,Anthony Rizzo,1B,5.8,155,676,583,94,170,43,4,32,109,3,5,74,108,0.292,0.385,0.544,0.928,143,0.394,145,317,13,16,0,3,8,*3/H4,ASMVP-4GGSS,rizzoan01
2016,Chicago Cubs,Ben Zobrist,2B,3.4,147,631,523,94,142,31,3,18,76,6,4,96,82,0.272,0.386,0.446,0.831,121,0.37,126,233,17,4,4,4,6,*479/H36,AS,zobribe01
2016,Chicago Cubs,Addison Russell,SS,3.7,151,598,525,67,125,25,3,21,95,5,1,55,135,0.238,0.321,0.417,0.738,94,0.326,92,219,11,12,0,6,6,*6/H,ASMVP-19,russead02
2016,Chicago Cubs,Jorge Soler,LF,0.2,86,264,227,37,54,9,0,12,31,0,0,31,66,0.238,0.333,0.436,0.769,103,0.344,106,99,5,3,0,3,0,7H/9D,NA,solerjo01
2016,Chicago Cubs,Dexter Fowler,CF,4,125,551,456,84,126,25,7,13,48,13,4,79,124,0.276,0.393,0.447,0.84,123,0.374,127,204,3,11,1,4,0,*8/HD,AS,fowlede01
2016,Chicago Cubs,Jason Heyward,RF,1,142,592,530,61,122,27,1,7,49,11,4,54,93,0.23,0.306,0.325,0.631,68,0.292,68,172,12,5,1,2,0,*98/H,GG,heywaja01
2016,Chicago Cubs,Javier Báez,IF,2.8,142,450,421,50,115,19,1,14,59,12,3,15,108,0.273,0.314,0.423,0.737,94,0.327,92,178,8,11,1,2,3,546H/37,NA,baezja01
2016,Chicago Cubs,Willson Contreras,UT,1.7,76,283,252,33,71,14,1,12,35,2,2,26,67,0.282,0.357,0.488,0.845,122,0.366,124,123,7,4,0,1,0,27/H3,NA,contrwi01
2016,Chicago Cubs,David Ross,C,1.6,67,205,166,24,38,6,0,10,32,0,1,30,54,0.229,0.338,0.446,0.784,106,0.325,94,74,3,0,4,5,6,2H,NA,rossda01
2016,Chicago Cubs,Matt Szczur,LF,0.2,107,200,185,30,48,9,1,5,24,2,4,13,39,0.259,0.312,0.4,0.712,88,0.307,85,74,2,1,1,0,2,H789,NA,szczuma01
2016,Chicago Cubs,Tommy La Stella,3B,0.4,74,169,148,17,40,12,1,2,11,0,1,18,27,0.27,0.357,0.405,0.763,103,0.344,109,60,2,2,0,0,1,H5/4,NA,lasteto01
2016,Chicago Cubs,Chris Coghlan,LF,0.6,48,128,103,21,26,7,2,1,16,1,0,22,26,0.252,0.391,0.388,0.779,109,0.348,108,40,2,2,0,1,2,7H/395,NA,coghlch01
2016,Chicago Cubs,Albert Almora,CF,0.7,47,117,112,14,31,9,1,3,14,0,0,5,20,0.277,0.308,0.455,0.763,99,0.341,105,51,5,0,0,0,0,8H/79,NA,almoral01
2016,Chicago Cubs,Tim Federowicz,C,-0.3,17,33,31,3,6,2,0,0,3,0,0,1,12,0.194,0.212,0.258,0.47,24,0.233,26,8,1,0,0,1,0,2/H,NA,federti01
2016,Chicago Cubs,Munenori Kawasaki,2B,0.4,14,26,21,3,7,2,0,0,1,2,0,4,5,0.333,0.462,0.429,0.89,140,0.454,172,9,1,1,0,0,0,4/H5,NA,kawasmu01
2016,Chicago Cubs,Jeimer Candelario,3B,-0.1,5,14,11,0,1,0,0,0,0,0,0,2,5,0.091,0.286,0.091,0.377,7,0.179,-21,1,0,1,0,0,1,/5H,NA,candeje01
2016,Chicago Cubs,Ryan Kalish,OF,0.1,7,10,7,1,2,0,0,0,2,0,0,1,0,0.286,0.444,0.286,0.73,101,0.358,118,2,0,1,1,0,0,/H79,NA,kalisry01
2016,Chicago Cubs,Kyle Schwarber,LF,-0.1,2,5,4,0,0,0,0,0,0,0,0,1,2,0,0.2,0,0.2,-40,0.139,-42,0,0,0,0,0,0,/7,NA,schwaky01
2017,Houston Astros,Brian McCann,C,0.8,97,399,349,47,84,12,1,18,62,1,0,38,58,0.241,0.323,0.436,0.759,106,0.332,107,152,9,7,0,5,3,2/DH,NA,mccanbr01
2017,Houston Astros,Yuli Gurriel,1B,2.8,139,564,529,69,158,43,1,18,75,3,2,22,62,0.299,0.332,0.486,0.817,121,0.355,125,257,12,7,0,6,1,*3/5DH4,ROY-4,gourryu01
2017,Houston Astros,Carlos Correa,SS,6.7,109,481,422,82,133,25,1,24,84,2,1,53,92,0.315,0.391,0.55,0.941,155,0.409,164,232,12,2,0,4,5,6/D,ASMVP-17,correca01
2017,Houston Astros,Alex Bregman,3B,4,155,626,556,88,158,39,5,19,71,17,5,55,97,0.284,0.352,0.475,0.827,125,0.359,126,264,15,7,1,7,2,*56/4HD,NA,bregmal01
2017,Houston Astros,Nori Aoki,LF,0.7,70,224,202,28,55,12,1,2,19,5,2,15,29,0.272,0.323,0.371,0.694,91,0.306,88,75,11,2,1,4,1,79/H1D,NA,aokino01
2017,Houston Astros,George Springer,CF,5,140,629,548,112,155,29,0,34,85,5,7,64,111,0.283,0.367,0.522,0.889,141,0.381,146,286,11,11,0,4,1,*89/DH,ASMVP-13SS,springe01
2017,Houston Astros,Josh Reddick,RF,4.5,134,540,477,77,150,34,4,13,82,7,3,43,72,0.314,0.363,0.484,0.847,130,0.368,134,231,9,0,1,12,1,*978/HD3,NA,reddijo01
2017,Houston Astros,Carlos Beltrán,DH,-0.8,129,509,467,60,108,29,0,14,51,0,0,33,102,0.231,0.283,0.383,0.666,81,0.293,80,179,9,3,0,6,3,D7H/9,NA,beltrca01
2017,Houston Astros,Marwin González,UT,3.9,134,515,455,67,138,34,0,23,90,8,3,49,99,0.303,0.377,0.53,0.907,146,0.387,147,241,8,6,3,2,4,76345H/9,MVP-19,gonzama01
2017,Houston Astros,Evan Gattis,C,1,84,325,300,41,79,22,0,12,55,0,1,18,50,0.263,0.311,0.457,0.767,107,0.326,104,137,10,4,0,3,0,2D/H3,NA,gattiev01
2017,Houston Astros,Jake Marisnick,CF,2,106,259,230,50,56,10,0,16,35,9,4,20,90,0.243,0.319,0.496,0.815,119,0.344,117,114,5,6,2,1,1,8H/79D,NA,marisja01
2017,Houston Astros,Derek Fisher,LF,0.4,53,166,146,21,31,4,1,5,17,3,3,17,54,0.212,0.307,0.356,0.663,82,0.296,85,52,1,3,0,0,1,79H/8D,NA,fishede01
2017,Houston Astros,J.D. Davis,3B,0.3,24,68,62,8,14,4,0,4,7,1,1,4,20,0.226,0.279,0.484,0.763,104,0.322,103,30,3,1,0,1,0,5/H13,NA,davisjd01
2017,Houston Astros,Tyler White,1B,0.1,22,67,61,7,17,6,0,3,10,0,1,4,16,0.279,0.328,0.525,0.853,129,0.362,135,32,0,1,0,1,0,3/4H71,NA,whitety01
2017,Houston Astros,Cameron Maybin,OF,0,21,63,59,6,11,1,1,4,13,4,3,3,16,0.186,0.226,0.441,0.666,77,0.295,88,26,1,0,1,0,0,8/79HD,NA,maybica01
2017,Houston Astros,Juan Centeno,C,-0.2,22,57,52,5,12,0,0,2,4,0,0,4,12,0.231,0.286,0.346,0.632,73,0.271,63,18,2,0,1,0,1,2/H,NA,centeju01
2017,Houston Astros,Tony Kemp,OF,0,17,39,37,6,8,1,0,0,4,1,0,1,5,0.216,0.256,0.243,0.5,39,0.234,33,9,0,1,0,0,0,7/H8D,NA,kempto01
2017,Houston Astros,Max Stassi,UT,0.1,14,31,24,5,4,1,0,2,4,0,0,6,4,0.167,0.323,0.458,0.781,112,0.33,106,11,2,0,0,1,0,2/HD3,NA,stassma01
2017,Houston Astros,Colin Moran,IF,0.1,7,12,11,3,4,0,1,1,3,0,0,1,1,0.364,0.417,0.818,1.235,227,0.491,222,9,0,0,0,0,0,/35H6,NA,moranco01
2017,Houston Astros,AJ Reed,DH,-0.2,2,6,6,0,0,0,0,0,0,0,0,0,1,0,0,0,0,-100,0,-131,0,0,0,0,0,0,/3D,NA,reedaj01
2017,Houston Astros,Teoscar Hernández,RF,0,1,0,0,0,0,0,0,0,0,0,0,0,0,NA,NA,NA,NA,NA,NA,NA,0,0,0,0,0,0,/9,NA,hernate01
2017,Miami Marlins,J.T. Realmuto,C,4.4,141,579,532,68,148,31,5,17,65,8,2,36,106,0.278,0.332,0.451,0.783,112,0.343,115,240,13,8,0,3,4,*2/3HD,NA,realmjt01
2017,Miami Marlins,Justin Bour,1B,2.5,108,429,377,52,109,18,0,25,83,1,0,47,95,0.289,0.366,0.536,0.902,143,0.382,145,202,10,1,0,4,7,3/HD,NA,bourju01
2017,Miami Marlins,Dee Strange-Gordon,2B,3.8,158,695,653,114,201,20,9,2,33,60,16,25,93,0.308,0.341,0.375,0.716,97,0.324,96,245,7,10,2,4,0,*4/H6,NA,gordode01
2017,Miami Marlins,Miguel Rojas,SS,2.3,90,306,272,37,79,16,2,1,26,2,1,27,32,0.29,0.361,0.375,0.736,103,0.331,107,102,6,4,1,2,5,65/H34,NA,rojasmi02
2017,Miami Marlins,Derek Dietrich,3B,1.2,135,464,406,56,101,22,5,13,53,0,1,36,98,0.249,0.334,0.424,0.758,106,0.329,107,172,4,18,0,4,5,5H34/7,NA,dietrde01
2017,Miami Marlins,Marcell Ozuna,LF,5.6,159,679,613,93,191,30,2,37,124,1,3,64,144,0.312,0.376,0.548,0.924,149,0.389,151,336,18,0,0,2,4,*7/H8D9,ASMVP-15GGSS,ozunama01
2017,Miami Marlins,Christian Yelich,CF,3.7,156,695,602,100,170,36,2,18,81,16,2,80,137,0.282,0.369,0.439,0.807,120,0.357,123,264,13,6,0,6,4,*8/H,NA,yelicch01
2017,Miami Marlins,JT Riddle,SS,0.6,70,247,228,20,57,13,1,3,31,0,2,12,50,0.25,0.282,0.355,0.637,73,0.273,68,81,6,0,2,5,2,6/H,NA,riddljt01
2017,Miami Marlins,Ichiro Suzuki,OF,-0.2,136,215,196,19,50,6,0,3,20,1,1,17,35,0.255,0.318,0.332,0.649,79,0.286,76,65,2,1,1,0,1,*H98/7D,NA,suzukic01
2017,Miami Marlins,Tyler Moore,1B,-0.2,104,203,187,17,43,14,0,6,30,0,0,10,56,0.23,0.267,0.401,0.668,80,0.292,79,75,7,1,1,4,0,H3/79,NA,moorety01
2017,Miami Marlins,A.J. Ellis,C,0.6,51,163,143,17,30,5,0,6,14,0,0,12,29,0.21,0.298,0.371,0.669,82,0.299,84,53,6,6,2,0,0,2H,NA,ellisaj01
2017,Miami Marlins,Martín Prado,3B,0.4,37,147,140,13,35,9,0,2,12,0,0,6,22,0.25,0.279,0.357,0.636,73,0.276,68,50,4,0,0,1,0,5/HD,NA,pradoma01
2017,Miami Marlins,Tomás Telis,1B,-0.2,48,111,104,13,25,5,3,0,9,0,0,3,10,0.24,0.279,0.346,0.625,70,0.289,77,36,1,3,0,1,0,3H/2,NA,telisto01
2017,Miami Marlins,Mike Aviles,IF,-0.3,37,97,86,5,20,2,0,1,8,0,0,6,15,0.233,0.298,0.291,0.589,63,0.268,60,25,3,2,3,0,2,6H/4539,NA,avilemi01
2017,Miami Marlins,Brian Anderson,3B,-0.3,25,95,84,11,22,7,1,0,8,0,0,10,28,0.262,0.337,0.369,0.706,94,0.321,100,31,1,0,0,1,0,5/H,NA,anderbr06
2017,Miami Marlins,Adeiny Hechavarría,SS,0.2,20,67,65,8,18,2,1,1,6,0,0,1,9,0.277,0.288,0.385,0.672,82,0.298,83,25,1,0,1,0,0,6/H,NA,hechaad01
2017,Miami Marlins,Christian Colón,IF,-0.1,17,38,33,3,5,1,0,0,0,0,0,4,7,0.152,0.243,0.182,0.425,20,0.212,17,6,2,0,1,0,1,5/4H,NA,colonch01
2017,Miami Marlins,Steve Lombardozzi,2B,-0.2,2,8,8,0,0,0,0,0,0,0,0,0,2,0,0,0,0,-100,0,-132,0,0,0,0,0,0,/4,NA,lombast02
2018,Boston Red Sox,Sandy León,C,-0.5,89,288,265,30,47,12,0,5,22,1,0,15,75,0.177,0.232,0.279,0.511,37,0.236,32,74,6,4,3,1,0,2/H,NA,leonsa01
2018,Boston Red Sox,Mitch Moreland,1B,1.5,124,459,404,57,99,23,4,15,68,2,0,50,102,0.245,0.325,0.433,0.758,102,0.329,99,175,12,0,0,5,2,*3H/D,AS,morelmi01
2018,Boston Red Sox,Eduardo Núñez,2B,-0.9,127,502,480,56,127,23,3,10,44,7,2,16,69,0.265,0.289,0.388,0.677,81,0.303,80,186,17,2,1,3,0,45D/H,NA,nunezed02
2018,Boston Red Sox,Xander Bogaerts,SS,4.9,136,580,513,72,148,45,3,23,103,8,2,55,102,0.288,0.36,0.522,0.883,135,0.387,141,268,14,6,0,6,4,*6/H,MVP-13,bogaexa01
2018,Boston Red Sox,Rafael Devers,3B,0.2,121,490,450,59,108,24,0,21,66,5,2,38,121,0.24,0.298,0.433,0.731,94,0.315,89,195,9,0,0,2,6,*5/HD,NA,deverra01
2018,Boston Red Sox,Andrew Benintendi,LF,4.8,148,661,579,103,168,41,6,16,87,21,3,71,106,0.29,0.366,0.465,0.83,123,0.368,124,269,9,2,2,7,1,*78/H,NA,beninan01
2018,Boston Red Sox,Jackie Bradley Jr.,CF,2.5,144,535,474,76,111,33,4,13,59,17,1,46,137,0.234,0.314,0.403,0.717,92,0.324,91,191,6,11,0,4,3,*89/HD,GG,bradlja02
2018,Boston Red Sox,J.D. Martinez,DH,6.7,150,649,569,111,188,37,2,43,130,6,1,69,146,0.33,0.402,0.629,1.031,173,0.44,179,358,19,4,0,7,11,D79,ASMVP-4SSSS,martijd02
2018,Boston Red Sox,Brock Holt,MI,1.2,109,367,321,41,89,18,2,7,46,7,7,37,73,0.277,0.362,0.411,0.774,109,0.342,113,132,7,7,0,2,2,46H9/375D,NA,holtbr01
2018,Boston Red Sox,Christian Vázquez,C,-0.9,80,269,251,24,52,10,0,3,16,4,1,13,41,0.207,0.257,0.283,0.54,46,0.246,39,71,5,4,1,0,1,2/H5D,NA,vazquch01
2018,Boston Red Sox,Blake Swihart,UT,0,82,207,192,28,44,10,0,3,18,6,1,15,57,0.229,0.285,0.328,0.613,65,0.284,64,63,4,0,0,0,0,2H9D3/754,NA,swihabl01
2018,Boston Red Sox,Hanley Ramírez,1B,0.1,44,195,177,25,45,7,0,6,29,4,1,14,35,0.254,0.313,0.395,0.708,90,0.328,97,70,9,2,0,2,0,3D,NA,ramirha01
2018,Boston Red Sox,Steve Pearce,1B,1.1,50,165,136,19,38,8,1,7,26,0,0,22,27,0.279,0.394,0.507,0.901,141,0.396,148,69,1,5,0,2,0,3DH/79,NA,pearcst01
2018,Boston Red Sox,Ian Kinsler,2B,-0.1,37,143,132,17,32,6,0,1,16,7,3,10,24,0.242,0.294,0.311,0.604,64,0.271,57,41,5,0,0,1,0,4/H,GG,kinslia01
2018,Boston Red Sox,Tzu-Wei Lin,SS,0.1,37,73,65,15,16,6,1,1,6,0,1,8,17,0.246,0.329,0.415,0.744,100,0.339,112,27,0,0,0,0,0,6/H845D,NA,lintz02
2018,Boston Red Sox,Sam Travis,UT,0.1,19,38,36,5,8,3,0,1,7,0,0,2,10,0.222,0.263,0.389,0.652,73,0.302,80,14,1,0,0,0,0,/H7D39,NA,travisa01
2018,Boston Red Sox,Brandon Phillips,IF,-0.1,9,27,23,4,3,0,0,1,2,0,0,4,7,0.13,0.259,0.261,0.52,42,0.306,83,6,1,0,0,0,0,/45HD,NA,phillbr01
2018,Boston Red Sox,Dustin Pedroia,2B,-0.1,3,13,11,1,1,0,0,0,0,0,0,2,1,0.091,0.231,0.091,0.322,-7,0.176,-11,1,0,0,0,0,0,/4,NA,pedrodu01
2018,Boston Red Sox,Dan Butler,C,-0.1,2,7,6,0,1,0,0,0,1,0,0,0,2,0.167,0.143,0.167,0.31,-17,0.128,-45,1,0,0,0,1,0,/2,NA,butleda01
2018,Milwaukee Brewers,Manny Piña,C,1.1,98,337,306,39,77,13,2,9,28,2,0,21,62,0.252,0.307,0.395,0.702,87,0.315,86,121,13,5,1,4,3,2/H3,NA,pinama01
2018,Milwaukee Brewers,Jesús Aguilar,1B,3.4,149,566,492,80,135,25,0,35,108,0,0,58,143,0.274,0.352,0.539,0.89,135,0.377,133,265,19,6,0,10,3,*3H/5D,ASMVP-16,aguilje01
2018,Milwaukee Brewers,Jonathan Villar,2B,1.3,87,279,257,26,67,10,1,6,22,14,2,19,80,0.261,0.315,0.377,0.693,85,0.328,90,97,9,2,0,1,0,4H,NA,villajo01
2018,Milwaukee Brewers,Orlando Arcia,SS,0.4,119,366,348,32,82,16,0,3,30,7,4,15,87,0.236,0.268,0.307,0.576,55,0.267,52,107,9,1,1,1,0,*6H,NA,arciaor01
2018,Milwaukee Brewers,Travis Shaw,3B,4.5,152,587,498,73,120,23,0,32,86,5,2,78,108,0.241,0.345,0.48,0.825,119,0.362,122,239,7,4,1,6,6,543/H,NA,shawtr01
2018,Milwaukee Brewers,Ryan Braun,LF,0.9,125,447,405,59,103,25,1,20,64,11,5,34,85,0.254,0.313,0.469,0.782,107,0.338,103,190,8,2,0,3,5,7H3/D9,NA,braunry02
2018,Milwaukee Brewers,Lorenzo Cain,CF,6.9,141,620,539,90,166,25,2,10,38,30,7,71,94,0.308,0.395,0.417,0.813,119,0.379,129,225,10,8,0,2,1,*8/H,ASMVP-7,cainlo01
2018,Milwaukee Brewers,Hernán Pérez,MI,1.7,132,334,316,36,80,11,2,9,29,11,3,17,71,0.253,0.29,0.386,0.676,80,0.317,86,122,6,0,0,1,1,4H9567/318D,NA,perezhe01
2018,Milwaukee Brewers,Eric Thames,UT,0.4,96,278,247,41,54,10,3,16,37,7,0,29,97,0.219,0.306,0.478,0.783,106,0.345,105,118,3,2,0,0,4,H937,NA,thameer01
2018,Milwaukee Brewers,Domingo Santana,RF,1,85,235,211,21,56,14,1,5,20,1,1,20,77,0.265,0.328,0.412,0.74,97,0.336,103,87,3,1,0,3,1,9H/D,NA,santado01
2018,Milwaukee Brewers,Erik Kratz,C,0,67,219,203,18,48,6,0,6,23,1,0,6,40,0.236,0.28,0.355,0.634,69,0.285,64,72,8,7,1,2,0,2/H13,NA,kratzer01
2018,Milwaukee Brewers,Mike Moustakas,3B,0.5,54,218,195,20,50,12,0,8,33,1,1,19,40,0.256,0.326,0.441,0.767,104,0.329,98,86,3,2,0,2,2,5/H,NA,moustmi01
2018,Milwaukee Brewers,Jonathan Schoop,2B,0,46,134,124,16,25,4,0,4,21,1,0,7,41,0.202,0.246,0.331,0.577,53,0.257,43,41,3,1,0,2,1,46H,NA,schoojo01
2018,Milwaukee Brewers,Tyler Saladino,SS,0.3,52,130,118,11,29,3,0,5,16,2,2,9,38,0.246,0.302,0.398,0.701,86,0.303,81,47,3,1,1,1,0,6H/45,NA,saladty01
2018,Milwaukee Brewers,Eric Sogard,MI,-0.8,55,113,97,7,13,3,0,0,2,3,0,12,23,0.134,0.241,0.165,0.406,12,0.211,4,16,3,2,1,1,1,64H/7,NA,sogarer01
2018,Milwaukee Brewers,Keon Broxton,OF,1.7,51,89,78,15,14,2,2,4,11,5,1,11,28,0.179,0.281,0.41,0.691,83,0.339,98,32,0,0,0,0,0,89H,NA,broxtke01
2018,Milwaukee Brewers,Brad Miller,MI,-0.1,27,80,74,5,17,3,1,2,8,0,0,6,31,0.23,0.288,0.378,0.666,77,0.285,65,28,2,0,0,0,1,4/H63,NA,millebr02
2018,Milwaukee Brewers,Jett Bandy,C,-0.3,24,71,64,5,12,2,0,1,1,0,0,3,23,0.188,0.268,0.266,0.533,44,0.248,38,17,0,4,0,0,0,2/H,NA,bandyje01
2018,Milwaukee Brewers,Curtis Granderson,OF,0.3,19,54,41,12,9,1,1,2,3,0,0,12,10,0.22,0.407,0.439,0.846,128,0.379,134,18,0,1,0,0,0,9/H7,NA,grandcu01
2018,Milwaukee Brewers,Jiman Choi,DH,0,12,32,30,4,7,2,0,2,5,0,0,2,14,0.233,0.281,0.5,0.781,104,0.319,90,15,1,0,0,0,1,/DH37,NA,choiji01
2018,Milwaukee Brewers,Nate Orf,UT,-0.2,15,25,21,4,2,0,0,1,1,1,0,3,8,0.095,0.24,0.238,0.478,29,0.24,25,5,1,1,0,0,0,H/4659,NA,orfna01
2018,Milwaukee Brewers,Brett Phillips,OF,0,15,24,22,2,4,0,1,0,4,0,0,2,11,0.182,0.25,0.273,0.523,41,0.236,29,6,1,0,0,0,0,/9H87,NA,phillbr02
2018,Milwaukee Brewers,Jacob Nottingham,C,0.3,9,24,20,2,4,1,0,0,0,0,0,4,8,0.2,0.333,0.25,0.583,61,0.276,59,5,0,0,0,0,0,/2H,NA,nottija01
2018,Milwaukee Brewers,Nick Franklin,2B,0,1,2,2,0,0,0,0,0,0,0,0,0,0,0,0,0,0,-100,0,-145,0,0,0,0,0,0,/4,NA,frankni01
2019,Los Angeles Angels,Jonathan Lucroy,C,-0.7,74,268,240,28,58,8,1,7,30,0,0,21,39,0.242,0.31,0.371,0.681,80,0.293,75,89,15,4,0,3,0,2/3DH,NA,lucrojo01
2019,Los Angeles Angels,Albert Pujols,1B,0.3,131,545,491,55,120,22,0,23,93,3,0,43,68,0.244,0.305,0.43,0.734,92,0.32,92,211,21,3,0,8,1,3D/H5,NA,pujolal01
2019,Los Angeles Angels,Luis Rengifo#,2B,1.1,108,406,357,44,85,18,3,7,33,2,5,40,93,0.238,0.321,0.364,0.685,82,0.307,88,130,6,5,1,3,0,46/H,NA,rengilu01
2019,Los Angeles Angels,Andrelton Simmons,SS,1.5,103,424,398,47,105,19,0,7,40,10,2,24,37,0.264,0.309,0.364,0.673,78,0.295,74,145,21,2,0,0,1,6/DH,NA,simmoan01
2019,Los Angeles Angels,David Fletcher,3B,3.8,154,653,596,83,173,30,4,6,49,8,3,55,64,0.29,0.35,0.384,0.734,95,0.326,98,229,8,0,1,1,2,5467/9H,NA,fletcda02
2019,Los Angeles Angels,Brian Goodwin,LF,2.2,136,458,413,65,108,29,3,17,47,7,3,38,129,0.262,0.326,0.47,0.796,108,0.34,107,194,3,3,1,3,2,*78H9/D,NA,goodwbr01
2019,Los Angeles Angels,Mike Trout,CF,7.9,134,600,470,110,137,27,2,45,104,11,2,110,120,0.291,0.438,0.645,1.083,182,0.444,181,303,5,16,0,4,14,*8D/H,ASMVP-1SS,troutmi01
2019,Los Angeles Angels,Kole Calhoun,RF,1.6,152,632,552,92,128,29,1,33,74,4,1,70,162,0.232,0.325,0.467,0.792,107,0.339,106,258,14,7,0,2,7,*9/H8,NA,calhoko01
2019,Los Angeles Angels,Tommy La Stella,IF,1.9,80,321,292,49,86,8,0,16,44,0,0,20,28,0.295,0.346,0.486,0.832,118,0.357,120,142,8,3,0,0,0,45/H3D,AS,lasteto01
2019,Los Angeles Angels,Justin Upton,LF,-0.9,63,256,219,34,47,8,0,12,40,1,1,32,78,0.215,0.309,0.416,0.724,90,0.313,89,91,5,0,0,5,0,7/DH,NA,uptonju01
2019,Los Angeles Angels,Kevan Smith,C,0.5,67,211,191,21,48,12,0,5,20,2,0,16,37,0.251,0.318,0.393,0.71,87,0.313,87,75,8,3,0,1,0,2/DH,NA,smithke04
2019,Los Angeles Angels,Justin Bour,1B,-0.6,52,170,151,18,26,5,0,8,26,0,0,17,52,0.172,0.259,0.364,0.623,63,0.277,63,55,7,1,0,1,0,3H/D,NA,bourju01
2019,Los Angeles Angels,Matt Thaiss,3B,0.3,53,164,147,17,31,7,0,8,23,0,0,17,52,0.211,0.293,0.422,0.714,86,0.302,81,62,4,0,0,0,0,53/H,NA,thaisma01
2019,Los Angeles Angels,Zack Cozart,3B,-1.2,38,107,97,4,12,2,0,0,7,0,0,5,16,0.124,0.178,0.144,0.322,-12,0.152,-25,14,2,2,0,3,0,5/6H4,NA,cozarza01
2019,Los Angeles Angels,Wilfredo Tovar,SS,-0.1,31,88,83,5,16,5,0,0,5,0,0,5,15,0.193,0.239,0.253,0.492,31,0.226,27,21,0,0,0,0,0,6/H,NA,tovarwi01
2019,Los Angeles Angels,Jared Walsh,1B,-0.3,31,87,79,6,16,5,1,1,5,0,0,6,35,0.203,0.276,0.329,0.605,60,0.26,51,26,0,2,0,0,1,3/H1,NA,walshja01
2019,Los Angeles Angels,Dustin Garneau,C,0.7,28,82,69,11,16,3,0,2,7,0,0,8,18,0.232,0.346,0.362,0.708,89,0.336,104,25,1,4,0,0,0,2/3H,NA,garnedu01
2019,Los Angeles Angels,Anthony Bemboom,C,-0.5,22,51,49,2,5,0,0,1,3,0,0,1,19,0.102,0.12,0.163,0.283,-26,0.121,-49,8,0,0,1,0,0,2,NA,bemboan01
2019,Los Angeles Angels,César Puello,LF,0.6,12,50,41,6,16,3,0,3,12,0,0,3,8,0.39,0.5,0.683,1.183,210,0.488,211,28,1,6,0,0,0,7,NA,puellce01
2019,Los Angeles Angels,Max Stassi,C,-0.8,20,49,42,3,3,0,0,0,2,0,0,5,15,0.071,0.163,0.071,0.235,-33,0.123,-45,3,2,0,0,2,0,2,NA,stassma01
2019,Los Angeles Angels,Taylor Ward,UT,-0.9,20,48,42,4,8,3,0,1,2,0,0,6,23,0.19,0.292,0.333,0.625,66,0.276,63,14,1,0,0,0,0,/7H5D,NA,wardta01
2019,Los Angeles Angels,Michael Hermosillo,OF,0,18,46,36,7,5,1,1,0,3,2,0,5,19,0.139,0.304,0.222,0.527,45,0.266,48,8,1,4,0,1,0,7/89H,NA,hermomi01
2019,Los Angeles Angels,Peter Bourjos,OF,-0.3,26,46,44,4,4,1,0,0,2,2,0,1,15,0.091,0.109,0.114,0.222,-41,0.107,-63,5,1,0,0,1,0,78/HD45,NA,bourjpe01
2019,Los Angeles Angels,Kaleb Cowart,IF,-0.1,9,26,25,1,4,3,0,0,1,1,0,1,7,0.16,0.192,0.28,0.472,23,0.209,10,7,2,0,0,0,0,/54H,NA,cowarka01
2019,Los Angeles Angels,Jarrett Parker,LF,-0.1,5,15,12,1,0,0,0,0,0,0,0,3,8,0,0.2,0,0.2,-38,0.139,-33,0,0,0,0,0,0,/7,NA,parkeja03
2019,Los Angeles Angels,Kean Wong,2B,-0.1,1,4,4,1,0,0,0,0,0,0,0,0,1,0,0,0,0,-100,0,-132,0,0,0,0,0,0,/4H,NA,wongke01
2019,Los Angeles Dodgers,Austin Barnes,C,0.2,75,242,212,28,43,12,1,5,25,3,0,23,56,0.203,0.293,0.34,0.633,67,0.286,65,72,8,5,0,2,3,2H/4,NA,barneau01
2019,Los Angeles Dodgers,Max Muncy,1B,5.3,141,589,487,101,122,22,1,35,98,4,1,90,149,0.251,0.374,0.515,0.889,132,0.387,140,251,5,8,0,4,1,435/H,ASMVP-15,muncyma01
2019,Los Angeles Dodgers,Kiké Hernández,2B,2,130,460,414,57,98,19,1,17,64,4,0,36,97,0.237,0.304,0.411,0.715,87,0.309,83,170,9,6,0,4,3,4H8967/35,NA,hernaen02
2019,Los Angeles Dodgers,Corey Seager,SS,2.9,134,541,489,82,133,44,1,19,87,1,0,44,98,0.272,0.335,0.483,0.817,112,0.345,110,236,8,4,0,4,3,*6/H,NA,seageco01
2019,Los Angeles Dodgers,Justin Turner,3B,3.8,135,549,479,80,139,24,0,27,67,2,0,51,88,0.29,0.372,0.509,0.881,130,0.382,136,244,11,14,0,5,1,*5H/D4,NA,turneju01
2019,Los Angeles Dodgers,Joc Pederson,LF,2.8,149,514,450,83,112,16,3,36,74,1,1,50,111,0.249,0.339,0.538,0.876,126,0.365,125,242,4,12,0,2,2,*79H3/8D,NA,pederjo01
2019,Los Angeles Dodgers,AJ Pollock,CF,0.1,86,342,308,49,82,15,1,15,47,5,1,23,74,0.266,0.327,0.468,0.795,107,0.338,104,144,7,7,0,4,1,87/HD,NA,polloaj01
2019,Los Angeles Dodgers,Chris Taylor,UT,1.5,124,414,366,52,96,29,4,12,52,8,0,37,115,0.262,0.333,0.462,0.794,107,0.345,107,169,6,4,2,5,3,76H48/59,NA,tayloch03
2019,Los Angeles Dodgers,Alex Verdugo,OF,3,106,377,343,43,101,22,2,12,44,4,1,26,49,0.294,0.342,0.475,0.817,113,0.344,109,163,8,2,0,6,1,897H,NA,verdual01
2019,Los Angeles Dodgers,Matt Beaty,UT,0.3,99,268,249,36,66,19,1,9,46,5,0,17,33,0.265,0.317,0.458,0.775,101,0.334,100,114,6,2,0,0,2,37H/59D,NA,beatyma01
2019,Los Angeles Dodgers,Russell Martin,C,0.6,83,249,209,29,46,5,0,6,20,1,0,30,60,0.22,0.337,0.33,0.667,78,0.311,85,69,1,8,0,2,3,2H/51,NA,martiru01
2019,Los Angeles Dodgers,Will Smith,C,1.7,54,196,170,30,43,9,0,15,42,2,0,18,52,0.253,0.337,0.571,0.907,133,0.38,134,97,3,5,0,3,1,2/HD,NA,smithwi05
2019,Los Angeles Dodgers,David Freese,1B,1.6,79,186,162,35,51,13,0,11,29,0,0,23,44,0.315,0.403,0.599,1.002,160,0.418,163,97,7,1,0,0,0,3H/D5,NA,freesda01
2019,Los Angeles Dodgers,Gavin Lux,2B,0.6,23,82,75,12,18,4,1,2,9,2,0,7,24,0.24,0.305,0.4,0.705,84,0.319,88,30,0,0,0,0,0,4/HD,NA,luxga01
2019,Los Angeles Dodgers,Kristopher Negrón,UT,0.1,30,57,54,9,14,1,0,2,7,0,1,3,17,0.259,0.298,0.389,0.687,80,0.292,79,21,1,0,0,0,1,H/896457,NA,negrokr01
2019,Los Angeles Dodgers,Edwin Ríos,CI,0.4,28,56,47,10,13,2,1,4,8,0,0,9,21,0.277,0.393,0.617,1.01,161,0.415,160,29,1,0,0,0,0,H3/57D,NA,riosed01
2019,Los Angeles Dodgers,Kyle Garlick,OF,0.2,30,53,48,8,12,4,0,3,6,0,0,5,19,0.25,0.321,0.521,0.842,117,0.343,109,25,0,0,0,0,1,H7/9,NA,garliky01
2019,Los Angeles Dodgers,Jedd Gyorko,IF,-0.4,24,39,36,1,5,1,0,0,2,0,0,3,10,0.139,0.205,0.167,0.372,1,0.173,-13,6,2,0,0,0,0,H/534D,NA,gyorkje01
2019,Los Angeles Dodgers,Tyler White,1B,-0.5,12,26,22,2,1,0,0,0,2,0,0,4,4,0.045,0.192,0.045,0.238,-31,0.141,-36,1,0,0,0,0,0,/3H,NA,whitety01
2019,Los Angeles Dodgers,Rocky Gale,C,-0.3,5,15,15,1,2,0,0,0,0,0,0,0,7,0.133,0.133,0.133,0.267,-29,0.118,-53,2,1,0,0,0,0,/2H,NA,galero01
2019,Los Angeles Dodgers,Travis d'Arnaud,C,NA,1,1,1,0,0,0,0,0,0,0,0,0,0,0,0,0,0,-100,0,-142,0,0,0,0,0,0,/H,NA,darnatr01
2016,Los Angeles Angels,Carlos Pérez,C,0.7,87,291,268,25,56,16,0,5,31,1,0,12,49,0.209,0.244,0.325,0.568,56,0.252,48,87,6,1,8,2,0,2/H3D,NA,perezca02
2016,Los Angeles Angels,C.J. Cron,1B,1.9,116,445,407,51,113,25,2,16,69,2,3,24,75,0.278,0.325,0.467,0.792,116,0.344,119,190,9,7,0,5,1,3D/H,NA,croncj01
2016,Los Angeles Angels,Johnny Giavotella,2B,0.2,99,367,346,44,90,20,1,6,31,4,3,13,39,0.26,0.287,0.376,0.662,82,0.298,84,130,11,1,4,3,0,4/H,NA,giavojo01
2016,Los Angeles Angels,Andrelton Simmons,SS,4.4,124,483,448,48,126,22,2,4,44,10,1,28,38,0.281,0.324,0.366,0.69,91,0.318,96,164,16,2,1,4,0,*6,NA,simmoan01
2016,Los Angeles Angels,Yunel Escobar,3B,1.2,132,567,517,68,157,28,1,5,39,0,3,40,67,0.304,0.355,0.391,0.745,107,0.33,110,202,21,3,3,4,0,*5/H,NA,escobyu01
2016,Los Angeles Angels,Rafael Ortega,LF,-0.4,66,202,185,24,43,8,0,1,16,8,3,13,23,0.232,0.283,0.292,0.575,60,0.271,62,54,5,0,3,0,0,7H8/9D,NA,ortegra01
2016,Los Angeles Angels,Mike Trout,CF,10.5,159,681,549,123,173,32,5,29,100,30,7,116,137,0.315,0.441,0.55,0.991,173,0.435,182,302,5,11,0,5,12,*8D/H,ASMVP-1SS,troutmi01
2016,Los Angeles Angels,Kole Calhoun,RF,3.2,157,672,594,91,161,35,5,18,75,2,3,67,118,0.271,0.348,0.438,0.786,116,0.338,114,260,10,6,0,5,0,*9/DH,NA,calhoko01
2016,Los Angeles Angels,Albert Pujols,DH,1.5,152,650,593,71,159,19,0,31,119,4,0,49,75,0.268,0.323,0.457,0.78,113,0.339,113,271,24,2,0,6,6,*D3/H,NA,pujolal01
2016,Los Angeles Angels,Jefry Marté,UT,0.9,88,284,258,38,65,14,0,15,44,2,2,18,59,0.252,0.31,0.481,0.79,114,0.342,118,124,8,5,0,3,0,375H/D,NA,marteje01
2016,Los Angeles Angels,Jett Bandy,C,1,70,231,209,23,49,9,0,8,25,1,0,11,38,0.234,0.281,0.392,0.673,84,0.303,86,82,5,4,3,4,0,2/HD,NA,bandyje01
2016,Los Angeles Angels,Gregorio Petit,MI,-0.3,89,223,204,21,50,13,1,2,17,1,1,15,51,0.245,0.299,0.348,0.647,79,0.28,71,71,7,1,2,1,1,46H5/7D9,NA,petitgr01
2016,Los Angeles Angels,Cliff Pennington,2B,0.5,74,188,172,18,36,4,2,3,10,1,0,13,55,0.209,0.265,0.308,0.573,58,0.264,57,53,4,0,3,0,0,46H/35D,NA,pennicl01
2016,Los Angeles Angels,Daniel Nava,LF,-0.8,45,136,119,10,28,5,0,1,13,0,0,9,26,0.235,0.309,0.303,0.611,71,0.283,73,36,2,5,0,3,0,7H/9D,NA,navada01
2016,Los Angeles Angels,Jiman Choi,UT,-0.6,54,129,112,9,19,4,0,5,12,2,4,16,27,0.17,0.271,0.339,0.611,68,0.26,65,38,2,0,0,1,1,37H/D,NA,choiji01
2016,Los Angeles Angels,Shane Robinson,OF,0.2,65,111,98,16,17,3,0,1,10,3,2,10,17,0.173,0.257,0.235,0.492,38,0.24,42,23,3,1,2,0,0,78H/9D,NA,robinsh01
2016,Los Angeles Angels,Nick Buss,LF,-0.2,36,90,81,7,16,7,1,1,8,2,1,6,24,0.198,0.247,0.346,0.593,62,0.25,49,28,4,0,1,2,0,7/H98D,NA,bussni01
2016,Los Angeles Angels,Kaleb Cowart,IF,-0.4,31,87,85,8,15,4,0,1,8,0,0,0,23,0.176,0.184,0.259,0.443,21,0.2,12,22,1,1,0,1,0,54/H3,NA,cowarka01
2016,Los Angeles Angels,Geovany Soto,C,0.4,26,86,78,11,21,5,0,4,9,0,0,6,21,0.269,0.321,0.487,0.809,120,0.345,119,38,1,0,2,0,0,2/35H,NA,sotoge01
2016,Los Angeles Angels,Craig Gentry,LF,-0.4,14,39,34,2,5,1,0,0,2,0,0,3,6,0.147,0.237,0.176,0.413,18,0.195,6,6,2,1,1,0,0,7/H8D,NA,gentrcr01
2016,Los Angeles Angels,Todd Cunningham,LF,-0.1,20,29,27,5,4,3,0,0,1,0,1,1,6,0.148,0.179,0.259,0.438,19,0.171,1,7,1,0,1,0,0,7/H89D,NA,cunnito01
2016,Los Angeles Angels,Juan Graterol,C,0.2,9,15,14,2,4,2,0,0,3,0,0,0,3,0.286,0.286,0.429,0.714,94,0.304,87,6,0,0,1,0,0,/2,NA,grateju01
2016,Los Angeles Angels,Brendan Ryan,SS,-0.2,17,14,13,1,1,0,0,0,0,0,0,0,7,0.077,0.077,0.077,0.154,-57,0.069,-97,1,0,0,1,0,0,6/7H,NA,ryanbr01
2019,Los Angeles Angels,Jonathan Lucroy,C,-0.7,74,268,240,28,58,8,1,7,30,0,0,21,39,0.242,0.31,0.371,0.681,80,0.293,75,89,15,4,0,3,0,2/3DH,NA,lucrojo01
2019,Los Angeles Angels,Albert Pujols,1B,0.3,131,545,491,55,120,22,0,23,93,3,0,43,68,0.244,0.305,0.43,0.734,92,0.32,92,211,21,3,0,8,1,3D/H5,NA,pujolal01
2019,Los Angeles Angels,Luis Rengifo#,2B,1.1,108,406,357,44,85,18,3,7,33,2,5,40,93,0.238,0.321,0.364,0.685,82,0.307,88,130,6,5,1,3,0,46/H,NA,rengilu01
2019,Los Angeles Angels,Andrelton Simmons,SS,1.5,103,424,398,47,105,19,0,7,40,10,2,24,37,0.264,0.309,0.364,0.673,78,0.295,74,145,21,2,0,0,1,6/DH,NA,simmoan01
2019,Los Angeles Angels,David Fletcher,3B,3.8,154,653,596,83,173,30,4,6,49,8,3,55,64,0.29,0.35,0.384,0.734,95,0.326,98,229,8,0,1,1,2,5467/9H,NA,fletcda02
2019,Los Angeles Angels,Brian Goodwin,LF,2.2,136,458,413,65,108,29,3,17,47,7,3,38,129,0.262,0.326,0.47,0.796,108,0.34,107,194,3,3,1,3,2,*78H9/D,NA,goodwbr01
2019,Los Angeles Angels,Mike Trout,CF,7.9,134,600,470,110,137,27,2,45,104,11,2,110,120,0.291,0.438,0.645,1.083,182,0.444,181,303,5,16,0,4,14,*8D/H,ASMVP-1SS,troutmi01
2019,Los Angeles Angels,Kole Calhoun,RF,1.6,152,632,552,92,128,29,1,33,74,4,1,70,162,0.232,0.325,0.467,0.792,107,0.339,106,258,14,7,0,2,7,*9/H8,NA,calhoko01
2019,Los Angeles Angels,Tommy La Stella,IF,1.9,80,321,292,49,86,8,0,16,44,0,0,20,28,0.295,0.346,0.486,0.832,118,0.357,120,142,8,3,0,0,0,45/H3D,AS,lasteto01
2019,Los Angeles Angels,Justin Upton,LF,-0.9,63,256,219,34,47,8,0,12,40,1,1,32,78,0.215,0.309,0.416,0.724,90,0.313,89,91,5,0,0,5,0,7/DH,NA,uptonju01
2019,Los Angeles Angels,Kevan Smith,C,0.5,67,211,191,21,48,12,0,5,20,2,0,16,37,0.251,0.318,0.393,0.71,87,0.313,87,75,8,3,0,1,0,2/DH,NA,smithke04
2019,Los Angeles Angels,Justin Bour,1B,-0.6,52,170,151,18,26,5,0,8,26,0,0,17,52,0.172,0.259,0.364,0.623,63,0.277,63,55,7,1,0,1,0,3H/D,NA,bourju01
2019,Los Angeles Angels,Matt Thaiss,3B,0.3,53,164,147,17,31,7,0,8,23,0,0,17,52,0.211,0.293,0.422,0.714,86,0.302,81,62,4,0,0,0,0,53/H,NA,thaisma01
2019,Los Angeles Angels,Zack Cozart,3B,-1.2,38,107,97,4,12,2,0,0,7,0,0,5,16,0.124,0.178,0.144,0.322,-12,0.152,-25,14,2,2,0,3,0,5/6H4,NA,cozarza01
2019,Los Angeles Angels,Wilfredo Tovar,SS,-0.1,31,88,83,5,16,5,0,0,5,0,0,5,15,0.193,0.239,0.253,0.492,31,0.226,27,21,0,0,0,0,0,6/H,NA,tovarwi01
2019,Los Angeles Angels,Jared Walsh,1B,-0.3,31,87,79,6,16,5,1,1,5,0,0,6,35,0.203,0.276,0.329,0.605,60,0.26,51,26,0,2,0,0,1,3/H1,NA,walshja01
2019,Los Angeles Angels,Dustin Garneau,C,0.7,28,82,69,11,16,3,0,2,7,0,0,8,18,0.232,0.346,0.362,0.708,89,0.336,104,25,1,4,0,0,0,2/3H,NA,garnedu01
2019,Los Angeles Angels,Anthony Bemboom,C,-0.5,22,51,49,2,5,0,0,1,3,0,0,1,19,0.102,0.12,0.163,0.283,-26,0.121,-49,8,0,0,1,0,0,2,NA,bemboan01
2019,Los Angeles Angels,César Puello,LF,0.6,12,50,41,6,16,3,0,3,12,0,0,3,8,0.39,0.5,0.683,1.183,210,0.488,211,28,1,6,0,0,0,7,NA,puellce01
2019,Los Angeles Angels,Max Stassi,C,-0.8,20,49,42,3,3,0,0,0,2,0,0,5,15,0.071,0.163,0.071,0.235,-33,0.123,-45,3,2,0,0,2,0,2,NA,stassma01
2019,Los Angeles Angels,Taylor Ward,UT,-0.9,20,48,42,4,8,3,0,1,2,0,0,6,23,0.19,0.292,0.333,0.625,66,0.276,63,14,1,0,0,0,0,/7H5D,NA,wardta01
2019,Los Angeles Angels,Michael Hermosillo,OF,0,18,46,36,7,5,1,1,0,3,2,0,5,19,0.139,0.304,0.222,0.527,45,0.266,48,8,1,4,0,1,0,7/89H,NA,hermomi01
2019,Los Angeles Angels,Peter Bourjos,OF,-0.3,26,46,44,4,4,1,0,0,2,2,0,1,15,0.091,0.109,0.114,0.222,-41,0.107,-63,5,1,0,0,1,0,78/HD45,NA,bourjpe01
2019,Los Angeles Angels,Kaleb Cowart,IF,-0.1,9,26,25,1,4,3,0,0,1,1,0,1,7,0.16,0.192,0.28,0.472,23,0.209,10,7,2,0,0,0,0,/54H,NA,cowarka01
2019,Los Angeles Angels,Jarrett Parker,LF,-0.1,5,15,12,1,0,0,0,0,0,0,0,3,8,0,0.2,0,0.2,-38,0.139,-33,0,0,0,0,0,0,/7,NA,parkeja03
2019,Los Angeles Angels,Kean Wong,2B,-0.1,1,4,4,1,0,0,0,0,0,0,0,0,1,0,0,0,0,-100,0,-132,0,0,0,0,0,0,/4H,NA,wongke01
2021,Los Angeles Angels,Max Stassi,C,1.8,87,319,282,45,68,11,1,13,35,0,0,28,101,0.241,0.326,0.426,0.752,103,0.331,105,120,8,8,0,1,0,2/H,NA,stassma01
2021,Los Angeles Angels,Jared Walsh,1B,2.8,144,585,530,70,147,34,1,29,98,2,1,48,152,0.277,0.34,0.509,0.85,127,0.359,124,270,7,4,0,3,6,*39/H,AS,walshja01
2021,Los Angeles Angels,David Fletcher,2B,1.8,157,665,626,74,164,27,3,2,47,15,3,31,60,0.262,0.297,0.324,0.622,70,0.276,63,203,10,1,6,1,1,*46/H,NA,fletcda02
2021,Los Angeles Angels,Jose Iglesias,SS,-1.1,114,447,424,57,110,23,1,8,41,5,2,18,66,0.259,0.295,0.375,0.67,81,0.291,76,159,10,4,0,1,0,*6/H,NA,iglesjo01
2021,Los Angeles Angels,Jack Mayfield,3B,0.3,75,258,232,28,52,14,0,10,36,5,0,16,58,0.224,0.282,0.414,0.696,86,0.311,87,96,4,3,3,1,0,56/H,NA,mayfija01
2021,Los Angeles Angels,Justin Upton,LF,-0.8,89,362,318,47,67,12,0,17,41,4,1,39,107,0.211,0.296,0.409,0.705,90,0.309,88,130,11,1,0,3,0,7/8DH,NA,uptonju01
2021,Los Angeles Angels,Brandon Marsh,CF,0.2,70,260,236,27,60,12,3,2,19,6,1,20,91,0.254,0.317,0.356,0.673,83,0.3,80,84,3,2,1,1,0,8,NA,marshbr02
2021,Los Angeles Angels,Taylor Ward,RF,0.5,65,237,208,33,52,15,0,8,33,1,1,20,55,0.25,0.332,0.438,0.769,107,0.342,113,91,4,6,2,1,0,978/2H,NA,wardta01
2021,Los Angeles Angels,Phil Gosselin,UT,-0.4,104,373,345,40,90,14,0,7,47,4,2,24,81,0.261,0.314,0.362,0.676,84,0.301,83,125,3,3,0,1,0,753H/4D9,NA,gosseph01
2021,Los Angeles Angels,Juan Lagares,OF,-0.3,112,327,309,39,73,20,2,6,38,1,2,12,76,0.236,0.266,0.372,0.638,71,0.269,62,115,8,1,4,1,0,*897/H,NA,lagarju01
2021,Los Angeles Angels,Anthony Rendon,3B,0,58,249,217,24,52,13,0,6,34,0,0,29,41,0.24,0.329,0.382,0.712,94,0.318,95,83,11,1,0,2,2,5/D,NA,rendoan01
2021,Los Angeles Angels,Kurt Suzuki,C,-0.5,72,247,219,17,49,8,0,6,16,0,0,12,44,0.224,0.294,0.342,0.636,73,0.283,70,75,7,11,2,3,0,2/H,NA,suzukku01
2021,Los Angeles Angels,Luis Rengifo,SS,-0.4,54,190,174,22,35,1,0,6,18,1,0,9,38,0.201,0.246,0.31,0.556,50,0.248,44,54,3,2,3,2,0,695/H47,NA,rengilu01
2021,Los Angeles Angels,Jose Rojas,UT,-0.6,61,184,168,26,35,14,0,6,15,2,1,15,50,0.208,0.277,0.399,0.676,81,0.3,83,67,2,1,0,0,0,945H/73D,NA,rojasjo02
2021,Los Angeles Angels,Mike Trout,CF,1.8,36,146,117,23,39,8,1,8,18,2,0,27,41,0.333,0.466,0.624,1.09,194,0.45,189,73,0,2,0,0,5,8,AS,troutmi01
2021,Los Angeles Angels,Jo Adell,OF,0.3,35,140,130,17,32,5,2,4,26,2,1,8,32,0.246,0.295,0.408,0.703,89,0.311,91,53,3,1,1,0,0,79,NA,adelljo01
2021,Los Angeles Angels,Albert Pujols,1B,-0.7,24,92,86,9,17,0,0,5,12,1,0,3,13,0.198,0.25,0.372,0.622,66,0.267,57,32,4,3,0,0,1,3/DH5,NA,pujolal01
2021,Los Angeles Angels,Adam Eaton,RF,-0.7,25,69,65,5,13,2,0,1,2,1,0,2,16,0.2,0.232,0.277,0.509,38,0.223,26,18,1,1,0,1,0,9/H137,NA,eatonad02
2021,Los Angeles Angels,Kean Wong,UT,-0.6,32,66,60,3,10,2,1,0,6,0,1,2,17,0.167,0.194,0.233,0.427,16,0.177,-5,14,0,0,4,0,0,H4/579,NA,wongke01
2021,Los Angeles Angels,Drew Butera,C,-0.5,12,36,32,1,3,1,0,0,5,0,0,0,16,0.094,0.091,0.125,0.216,-42,0.091,-79,4,0,0,3,1,0,2,NA,buterdr01
2021,Los Angeles Angels,Scott Schebler,OF,-0.4,14,34,34,3,5,3,0,0,0,0,0,0,17,0.147,0.147,0.235,0.382,2,0.158,-17,8,0,0,0,0,0,/89H7,NA,schebsc01
2021,Los Angeles Angels,Anthony Bemboom,C,-0.2,8,28,27,2,6,0,0,0,2,0,0,1,10,0.222,0.25,0.222,0.472,31,0.209,19,6,1,0,0,0,0,/217,NA,bemboan01
2021,Los Angeles Angels,Dexter Fowler,RF,-0.2,7,21,20,3,5,0,0,0,1,1,0,1,6,0.25,0.286,0.25,0.536,49,0.252,41,5,0,0,0,0,0,/9,NA,fowlede01
2021,Los Angeles Angels,Jon Jay,LF,0.1,5,14,14,2,5,0,0,0,1,0,0,0,2,0.357,0.357,0.357,0.714,96,0.298,82,5,0,0,0,0,0,/7,NA,jayjo02
2021,Los Angeles Angels,Matt Thaiss,1B,-0.1,3,8,7,1,1,0,0,0,0,0,0,1,1,0.143,0.25,0.143,0.393,12,0.198,11,1,0,0,0,0,0,/3H,NA,thaisma01
2021,Los Angeles Angels,Jack Kruger,C,0,1,0,0,0,0,0,0,0,0,0,0,0,0,NA,NA,NA,NA,NA,NA,NA,0,0,0,0,0,0,/2,NA,krugeja01
2023,Los Angeles Angels,Matt Thaiss,C,0.4,95,307,262,32,56,6,0,9,31,2,0,36,83,0.214,0.319,0.34,0.659,81,0.302,83,89,4,6,0,3,1,2H/D3,NA,thaisma01
2023,Los Angeles Angels,Nolan Schanuel,1B,0.1,29,132,109,19,30,3,0,1,6,0,0,20,19,0.275,0.402,0.33,0.732,104,0.334,107,36,1,3,0,0,1,3/DH,NA,schanno01
2023,Los Angeles Angels,Brandon Drury,2B,1.9,125,523,485,61,127,30,3,26,83,0,2,25,136,0.262,0.306,0.497,0.803,114,0.339,112,241,14,8,0,5,0,43/DH,NA,drurybr01
2023,Los Angeles Angels,Zach Neto,SS,1.6,84,329,289,38,65,17,0,9,34,5,1,20,77,0.225,0.308,0.377,0.685,86,0.313,90,109,5,16,1,3,0,6/H,NA,netoza01
2023,Los Angeles Angels,Anthony Rendon,3B,0.1,43,183,148,23,35,6,0,2,22,2,0,25,27,0.236,0.361,0.318,0.678,89,0.319,94,47,6,6,0,4,0,5,NA,rendoan01
2023,Los Angeles Angels,Taylor Ward,LF,1.7,97,409,356,60,90,18,0,14,47,4,2,39,80,0.253,0.335,0.421,0.756,105,0.336,108,150,9,8,0,6,0,7/H3,NA,wardta01
2023,Los Angeles Angels,Mike Trout,CF,2.9,82,362,308,54,81,14,1,18,44,2,0,45,104,0.263,0.367,0.49,0.858,132,0.366,129,151,4,7,0,2,2,8/DH,AS,troutmi01
2023,Los Angeles Angels,Hunter Renfroe,RF,0,126,504,459,56,111,31,0,19,56,0,0,39,113,0.242,0.304,0.434,0.737,99,0.321,97,199,15,3,0,3,0,*9/H3,NA,renfrhu01
2023,Los Angeles Angels,Luis Rengifo#,IF,1.9,126,445,394,55,104,15,4,16,51,6,4,41,82,0.264,0.339,0.444,0.783,112,0.339,112,175,3,6,0,4,0,4659H/78,NA,rengilu01
2023,Los Angeles Angels,Mickey Moniak,CF,2.2,85,323,311,35,87,21,2,14,45,6,3,9,113,0.28,0.307,0.495,0.802,114,0.339,111,154,4,3,0,0,1,897/H,NA,moniami01
2023,Los Angeles Angels,Mike Moustakas,CI,-0.5,65,250,237,22,56,8,0,8,31,0,0,6,61,0.236,0.256,0.371,0.627,69,0.277,66,88,6,2,0,5,0,53/DH,NA,moustmi01
2023,Los Angeles Angels,Gio Urshela,CI,0.8,62,228,214,22,64,8,1,2,24,3,2,10,36,0.299,0.329,0.374,0.703,92,0.31,91,80,9,1,0,3,0,53/6H4,NA,urshegi01
2023,Los Angeles Angels,Randal Grichuk,LF,0.3,54,208,194,25,42,12,1,8,17,0,0,11,45,0.216,0.264,0.412,0.677,81,0.287,73,80,5,2,0,1,0,7/H8D,NA,grichra01
2023,Los Angeles Angels,Logan O'Hoppe,C,0.6,51,199,182,23,43,6,0,14,29,0,1,14,48,0.236,0.296,0.5,0.796,112,0.331,107,91,4,2,0,1,0,2/DH,NA,ohopplo01
2023,Los Angeles Angels,Eduardo Escobar,3B,-1.2,59,189,178,17,39,3,3,2,15,0,1,10,54,0.219,0.259,0.303,0.563,54,0.253,51,54,3,0,0,1,0,5H4/31D,NA,escobed01
2023,Los Angeles Angels,Chad Wallach,C,0.1,65,172,157,18,31,5,1,7,15,0,1,13,57,0.197,0.259,0.376,0.635,71,0.281,71,59,5,0,2,0,0,2/HD3,NA,wallach01
2023,Los Angeles Angels,Jared Walsh,1B,-0.9,39,116,104,10,13,4,0,4,11,0,0,11,45,0.125,0.216,0.279,0.494,34,0.221,26,29,1,1,0,0,0,3/9HD,NA,walshja01
2023,Los Angeles Angels,David Fletcher,MI,0.1,33,97,89,7,22,1,0,2,12,0,0,7,9,0.247,0.302,0.326,0.628,72,0.275,64,29,2,0,1,0,1,64/5H,NA,fletcda02
2023,Los Angeles Angels,Andrew Velazquez,SS,-0.5,54,94,81,12,14,3,0,2,3,13,3,10,30,0.173,0.264,0.284,0.548,50,0.262,42,23,1,0,3,0,0,6H4/8,NA,velazan01
2023,Los Angeles Angels,Brett Phillips,CF,-0.1,39,71,63,9,11,1,0,3,6,3,1,8,36,0.175,0.268,0.333,0.601,63,0.269,59,21,0,0,0,0,0,8H/971D,NA,phillbr02
2023,Los Angeles Angels,Michael Stefanic,IF,0.2,25,71,62,5,18,2,1,0,6,0,1,8,8,0.29,0.38,0.355,0.735,104,0.324,104,22,0,1,0,0,0,4/5HD,NA,stefami01
2023,Los Angeles Angels,Jo Adell,OF,0.3,17,62,58,7,12,3,1,3,6,1,0,4,25,0.207,0.258,0.448,0.706,88,0.298,79,26,1,0,0,0,0,/987DH,NA,adelljo01
2023,Los Angeles Angels,Trey Cabbage,UT,-0.3,22,56,53,5,11,3,0,1,7,1,1,2,26,0.208,0.232,0.321,0.553,49,0.233,38,17,1,0,0,1,0,/39H78,NA,cabbatr01
2023,Los Angeles Angels,Jake Lamb,1B,0.1,18,54,51,7,11,1,0,2,5,0,0,3,15,0.216,0.259,0.353,0.612,65,0.284,71,18,1,0,0,0,0,3/H1,NA,lambja01
2023,Los Angeles Angels,C.J. Cron,1B,-0.5,15,54,50,7,10,0,0,1,5,0,0,4,15,0.2,0.259,0.26,0.519,43,0.237,37,13,3,0,0,0,0,3/DH,NA,croncj01
2023,Los Angeles Angels,Kyren Paris,UT,0,15,46,40,4,4,0,0,0,1,3,0,4,17,0.1,0.2,0.1,0.3,-14,0.208,4,4,0,1,1,0,0,/648HD,NA,parisky01
2023,Los Angeles Angels,Jordyn Adams,OF,-0.7,17,40,39,1,5,0,0,0,1,1,2,0,16,0.128,0.125,0.128,0.253,-30,0.135,-21,5,0,0,0,1,0,/98H7,NA,adamsjo03
2023,Los Angeles Angels,Liván Soto,MI,0.1,4,12,9,2,2,0,0,0,0,0,0,3,2,0.222,0.417,0.222,0.639,83,0.322,98,2,0,0,0,0,0,/46,NA,sotoli01
2023,Los Angeles Angels,Kevin Padlo,CI,-0.2,3,8,8,1,1,1,0,0,0,0,0,0,0,0.125,0.125,0.25,0.375,-1,0.154,-21,2,1,0,0,0,0,/35,NA,padloke01
2023,Los Angeles Angels,Chris Okey,C,0,2,2,2,0,0,0,0,0,0,0,0,0,2,0,0,0,0,-100,0,-125,0,0,0,0,0,0,/2,NA,okeych01
2023,Los Angeles Angels,Matt Thaiss,C,0.4,95,307,262,32,56,6,0,9,31,2,0,36,83,0.214,0.319,0.34,0.659,81,0.302,83,89,4,6,0,3,1,2H/D3,NA,thaisma01
2023,Los Angeles Angels,Nolan Schanuel,1B,0.1,29,132,109,19,30,3,0,1,6,0,0,20,19,0.275,0.402,0.33,0.732,104,0.334,107,36,1,3,0,0,1,3/DH,NA,schanno01
2023,Los Angeles Angels,Brandon Drury,2B,1.9,125,523,485,61,127,30,3,26,83,0,2,25,136,0.262,0.306,0.497,0.803,114,0.339,112,241,14,8,0,5,0,43/DH,NA,drurybr01
2023,Los Angeles Angels,Zach Neto,SS,1.6,84,329,289,38,65,17,0,9,34,5,1,20,77,0.225,0.308,0.377,0.685,86,0.313,90,109,5,16,1,3,0,6/H,NA,netoza01
2023,Los Angeles Angels,Anthony Rendon,3B,0.1,43,183,148,23,35,6,0,2,22,2,0,25,27,0.236,0.361,0.318,0.678,89,0.319,94,47,6,6,0,4,0,5,NA,rendoan01
2023,Los Angeles Angels,Taylor Ward,LF,1.7,97,409,356,60,90,18,0,14,47,4,2,39,80,0.253,0.335,0.421,0.756,105,0.336,108,150,9,8,0,6,0,7/H3,NA,wardta01
2023,Los Angeles Angels,Mike Trout,CF,2.9,82,362,308,54,81,14,1,18,44,2,0,45,104,0.263,0.367,0.49,0.858,132,0.366,129,151,4,7,0,2,2,8/DH,AS,troutmi01
2023,Los Angeles Angels,Hunter Renfroe,RF,0,126,504,459,56,111,31,0,19,56,0,0,39,113,0.242,0.304,0.434,0.737,99,0.321,97,199,15,3,0,3,0,*9/H3,NA,renfrhu01
2023,Los Angeles Angels,Luis Rengifo#,IF,1.9,126,445,394,55,104,15,4,16,51,6,4,41,82,0.264,0.339,0.444,0.783,112,0.339,112,175,3,6,0,4,0,4659H/78,NA,rengilu01
2023,Los Angeles Angels,Mickey Moniak,CF,2.2,85,323,311,35,87,21,2,14,45,6,3,9,113,0.28,0.307,0.495,0.802,114,0.339,111,154,4,3,0,0,1,897/H,NA,moniami01
2023,Los Angeles Angels,Mike Moustakas,CI,-0.5,65,250,237,22,56,8,0,8,31,0,0,6,61,0.236,0.256,0.371,0.627,69,0.277,66,88,6,2,0,5,0,53/DH,NA,moustmi01
2023,Los Angeles Angels,Gio Urshela,CI,0.8,62,228,214,22,64,8,1,2,24,3,2,10,36,0.299,0.329,0.374,0.703,92,0.31,91,80,9,1,0,3,0,53/6H4,NA,urshegi01
2023,Los Angeles Angels,Randal Grichuk,LF,0.3,54,208,194,25,42,12,1,8,17,0,0,11,45,0.216,0.264,0.412,0.677,81,0.287,73,80,5,2,0,1,0,7/H8D,NA,grichra01
2023,Los Angeles Angels,Logan O'Hoppe,C,0.6,51,199,182,23,43,6,0,14,29,0,1,14,48,0.236,0.296,0.5,0.796,112,0.331,107,91,4,2,0,1,0,2/DH,NA,ohopplo01
2023,Los Angeles Angels,Eduardo Escobar,3B,-1.2,59,189,178,17,39,3,3,2,15,0,1,10,54,0.219,0.259,0.303,0.563,54,0.253,51,54,3,0,0,1,0,5H4/31D,NA,escobed01
2023,Los Angeles Angels,Chad Wallach,C,0.1,65,172,157,18,31,5,1,7,15,0,1,13,57,0.197,0.259,0.376,0.635,71,0.281,71,59,5,0,2,0,0,2/HD3,NA,wallach01
2023,Los Angeles Angels,Jared Walsh,1B,-0.9,39,116,104,10,13,4,0,4,11,0,0,11,45,0.125,0.216,0.279,0.494,34,0.221,26,29,1,1,0,0,0,3/9HD,NA,walshja01
2023,Los Angeles Angels,David Fletcher,MI,0.1,33,97,89,7,22,1,0,2,12,0,0,7,9,0.247,0.302,0.326,0.628,72,0.275,64,29,2,0,1,0,1,64/5H,NA,fletcda02
2023,Los Angeles Angels,Andrew Velazquez,SS,-0.5,54,94,81,12,14,3,0,2,3,13,3,10,30,0.173,0.264,0.284,0.548,50,0.262,42,23,1,0,3,0,0,6H4/8,NA,velazan01
2023,Los Angeles Angels,Brett Phillips,CF,-0.1,39,71,63,9,11,1,0,3,6,3,1,8,36,0.175,0.268,0.333,0.601,63,0.269,59,21,0,0,0,0,0,8H/971D,NA,phillbr02
2023,Los Angeles Angels,Michael Stefanic,IF,0.2,25,71,62,5,18,2,1,0,6,0,1,8,8,0.29,0.38,0.355,0.735,104,0.324,104,22,0,1,0,0,0,4/5HD,NA,stefami01
2023,Los Angeles Angels,Jo Adell,OF,0.3,17,62,58,7,12,3,1,3,6,1,0,4,25,0.207,0.258,0.448,0.706,88,0.298,79,26,1,0,0,0,0,/987DH,NA,adelljo01
2023,Los Angeles Angels,Trey Cabbage,UT,-0.3,22,56,53,5,11,3,0,1,7,1,1,2,26,0.208,0.232,0.321,0.553,49,0.233,38,17,1,0,0,1,0,/39H78,NA,cabbatr01
2023,Los Angeles Angels,Jake Lamb,1B,0.1,18,54,51,7,11,1,0,2,5,0,0,3,15,0.216,0.259,0.353,0.612,65,0.284,71,18,1,0,0,0,0,3/H1,NA,lambja01
2023,Los Angeles Angels,C.J. Cron,1B,-0.5,15,54,50,7,10,0,0,1,5,0,0,4,15,0.2,0.259,0.26,0.519,43,0.237,37,13,3,0,0,0,0,3/DH,NA,croncj01
2023,Los Angeles Angels,Kyren Paris,UT,0,15,46,40,4,4,0,0,0,1,3,0,4,17,0.1,0.2,0.1,0.3,-14,0.208,4,4,0,1,1,0,0,/648HD,NA,parisky01
2023,Los Angeles Angels,Jordyn Adams,OF,-0.7,17,40,39,1,5,0,0,0,1,1,2,0,16,0.128,0.125,0.128,0.253,-30,0.135,-21,5,0,0,0,1,0,/98H7,NA,adamsjo03
2023,Los Angeles Angels,Liván Soto,MI,0.1,4,12,9,2,2,0,0,0,0,0,0,3,2,0.222,0.417,0.222,0.639,83,0.322,98,2,0,0,0,0,0,/46,NA,sotoli01
2023,Los Angeles Angels,Kevin Padlo,CI,-0.2,3,8,8,1,1,1,0,0,0,0,0,0,0,0.125,0.125,0.25,0.375,-1,0.154,-21,2,1,0,0,0,0,/35,NA,padloke01
2023,Los Angeles Angels,Chris Okey,C,0,2,2,2,0,0,0,0,0,0,0,0,0,2,0,0,0,0,-100,0,-125,0,0,0,0,0,0,/2,NA,okeych01
2021,Philadelphia Phillies,J.T. Realmuto,C,3.5,134,537,476,64,125,25,4,17,73,13,3,48,129,0.263,0.343,0.439,0.782,110,0.347,111,209,8,11,0,2,5,*23/HD,AS,realmjt01
2021,Philadelphia Phillies,Rhys Hoskins,1B,1.9,107,443,389,64,96,29,0,27,71,3,2,47,108,0.247,0.334,0.53,0.864,129,0.378,136,206,7,5,0,2,0,3/HD,NA,hoskirh01
2021,Philadelphia Phillies,Jean Segura,2B,3.7,131,567,514,76,149,27,3,14,58,9,3,39,78,0.29,0.348,0.436,0.784,111,0.35,115,224,16,9,1,4,3,*4/H6,NA,segurje01
2021,Philadelphia Phillies,Didi Gregorius,SS,-0.8,103,408,368,35,77,16,2,13,54,3,0,25,67,0.209,0.27,0.37,0.639,71,0.279,64,136,8,8,0,7,1,6/H,NA,gregodi01
2021,Philadelphia Phillies,Alec Bohm,3B,-1.3,115,417,380,46,94,15,0,7,47,4,0,31,111,0.247,0.305,0.342,0.647,75,0.298,77,130,12,2,0,4,0,5/H3,NA,bohmal01
2021,Philadelphia Phillies,Andrew McCutchen,LF,1.4,144,574,482,78,107,24,1,27,80,6,1,81,132,0.222,0.334,0.444,0.778,109,0.342,109,214,10,4,0,7,2,*7H/D,NA,mccutan01
2021,Philadelphia Phillies,Odúbel Herrera,CF,1.8,124,492,450,59,117,27,2,13,51,6,1,29,77,0.26,0.31,0.416,0.726,95,0.327,98,187,6,6,1,5,0,*87/H9,NA,herreod01
2021,Philadelphia Phillies,Brad Miller,1B,0.4,140,377,331,53,75,9,3,20,49,3,0,45,112,0.227,0.321,0.453,0.774,107,0.334,103,150,7,1,0,0,2,3H94/57D,NA,millebr02
2021,Philadelphia Phillies,Ronald Torreyes,IF,0.3,111,344,318,30,77,10,1,7,41,2,1,19,41,0.242,0.286,0.346,0.632,71,0.281,66,110,7,1,5,1,2,56H4/18,NA,torrero01
2021,Philadelphia Phillies,Andrew Knapp,C,-1.5,62,159,145,13,22,3,0,2,11,0,0,10,61,0.152,0.215,0.214,0.429,17,0.2,9,31,1,2,1,1,0,2H/314,NA,knappan01
2021,Philadelphia Phillies,Travis Jankowski,CF,0.4,76,157,131,24,33,6,2,1,10,5,0,22,29,0.252,0.364,0.351,0.715,96,0.337,101,46,1,1,2,0,4,8H/97,NA,jankotr01
2021,Philadelphia Phillies,Nick Maton,MI,0.2,52,131,117,16,30,7,1,2,14,2,0,10,39,0.256,0.323,0.385,0.708,91,0.323,94,45,0,2,1,1,0,46H/1,NA,matonni01
2021,Philadelphia Phillies,Freddy Galvis,IF,0.3,32,120,107,17,24,3,0,5,14,0,0,9,19,0.224,0.292,0.393,0.684,84,0.312,89,42,1,2,0,2,0,56/H43,NA,galvifr01
2021,Philadelphia Phillies,Luke Williams,UT,0.1,58,108,98,8,24,4,0,1,6,2,2,10,23,0.245,0.315,0.316,0.631,72,0.302,85,31,2,0,0,0,0,H8/457369,NA,willilu01
2021,Philadelphia Phillies,Matt Vierling,UT,0.3,34,77,71,11,23,3,1,2,6,2,0,4,20,0.324,0.364,0.479,0.843,126,0.375,129,34,1,1,0,1,1,H/3879,NA,vierlma01
2021,Philadelphia Phillies,Matt Joyce,OF,-0.5,43,69,55,6,5,1,0,2,7,0,0,12,16,0.091,0.261,0.218,0.479,32,0.219,20,12,2,1,0,1,2,H/79,NA,joycema01
2021,Philadelphia Phillies,Roman Quinn,OF,0.2,28,62,52,8,9,2,2,0,2,4,3,6,19,0.173,0.306,0.288,0.595,63,0.266,63,15,0,4,0,0,0,8/H97,NA,quinnro01
2021,Philadelphia Phillies,Rafael Marchán,C,0.3,20,56,52,7,12,1,1,1,4,0,0,4,10,0.231,0.286,0.346,0.632,71,0.293,75,18,1,0,0,0,0,2/H3,NA,marchra01
2021,Philadelphia Phillies,Mickey Moniak,OF,-0.3,21,37,33,3,3,0,0,1,3,0,0,3,16,0.091,0.167,0.182,0.348,-5,0.174,-15,6,0,0,1,0,1,/8H79,NA,moniami01
2021,Philadelphia Phillies,Adam Haseley,OF,-0.3,9,21,21,2,4,1,0,0,0,0,0,0,4,0.19,0.19,0.238,0.429,16,0.178,-6,5,0,0,0,0,0,/87H,NA,haselad01
2021,Philadelphia Phillies,Scott Kingery,UT,-0.5,15,19,19,1,1,0,0,0,0,0,0,0,12,0.053,0.053,0.053,0.105,-71,0.047,-99,1,0,0,0,0,0,/H94578,NA,kingesc01
2021,Philadelphia Phillies,Jorge Bonifacio,OF,-0.3,7,12,11,0,1,0,0,0,2,0,0,1,6,0.091,0.167,0.091,0.258,-27,0.125,-44,1,0,0,0,0,0,/87H,NA,bonifjo01
2022,New York Yankees,Jose Trevino,C,2.3,115,353,335,39,83,12,1,11,43,2,1,15,62,0.248,0.283,0.388,0.671,89,0.296,86,130,5,2,0,1,0,*2/HD,ASGG,trevijo01
2022,New York Yankees,Anthony Rizzo,1B,2.3,130,548,465,77,104,21,1,32,75,6,5,58,101,0.224,0.338,0.48,0.817,130,0.35,127,223,13,23,0,2,6,*3/DH,NA,rizzoan01
2022,New York Yankees,Gleyber Torres,2B,4,140,572,526,73,135,28,1,24,76,10,5,39,129,0.257,0.31,0.451,0.761,113,0.334,114,237,12,3,1,3,2,*4/DH6,NA,torregl01
2022,New York Yankees,Isiah Kiner-Falefa,SS,2.9,142,531,483,66,126,20,0,4,48,22,4,35,72,0.261,0.314,0.327,0.642,84,0.299,83,158,13,5,3,5,2,*6/5H,NA,kineris01
2022,New York Yankees,Josh Donaldson,3B,2.2,132,546,478,59,106,28,0,15,62,2,2,54,148,0.222,0.308,0.374,0.682,93,0.311,98,179,13,8,0,6,1,5D/H,NA,donaljo02
2022,New York Yankees,Aaron Hicks,LF,1.5,130,453,384,54,83,9,2,8,40,10,3,62,109,0.216,0.33,0.313,0.642,85,0.304,90,120,10,4,1,2,3,*87H/D,NA,hicksaa01
2022,New York Yankees,Joey Gallo,RF,0,82,273,233,32,37,4,1,12,24,2,0,40,106,0.159,0.282,0.339,0.621,76,0.286,78,79,0,0,0,0,0,79/H8D,NA,gallojo01
2022,New York Yankees,Giancarlo Stanton,DH,0.7,110,452,398,53,84,7,0,31,78,0,0,50,137,0.211,0.297,0.462,0.759,112,0.331,111,184,8,0,0,3,2,D9/H7,AS,stantmi03
2022,New York Yankees,DJ LeMahieu,IF,3.6,125,541,467,74,122,18,0,12,46,4,3,67,71,0.261,0.357,0.377,0.734,110,0.339,118,176,12,4,1,2,0,543/HD,GG,lemahdj01
2022,New York Yankees,Kyle Higashioka,C,0.6,83,248,229,27,52,7,0,10,31,0,1,12,52,0.227,0.264,0.389,0.653,83,0.284,79,89,5,1,2,4,0,2/HD,NA,higasky01
2022,New York Yankees,Marwin González,UT,0.8,85,207,184,20,34,7,0,6,18,3,0,14,54,0.185,0.255,0.321,0.576,63,0.273,66,59,8,4,3,2,0,6973H5/4D1,NA,gonzama01
2022,New York Yankees,Oswaldo Cabrera,RF,2,44,171,154,21,38,8,1,6,19,3,2,15,44,0.247,0.312,0.429,0.74,108,0.325,108,66,1,0,1,1,0,9/76345H,NA,cabreos01
2022,New York Yankees,Matt Carpenter,DH,2.3,47,154,128,28,39,9,0,15,37,0,0,19,35,0.305,0.412,0.727,1.138,216,0.476,218,93,2,5,1,1,1,D9H/375,NA,carpema01
2022,New York Yankees,Andrew Benintendi,LF,0.6,33,131,114,14,29,9,1,2,12,4,1,13,25,0.254,0.331,0.404,0.734,108,0.332,109,46,1,1,1,2,0,7/H,AS,beninan01
2022,New York Yankees,Miguel Andujar,LF,0.2,27,100,96,9,22,2,0,1,8,4,0,3,22,0.229,0.25,0.281,0.531,51,0.279,67,27,0,0,0,1,0,7/DH3,NA,andujmi01
2022,New York Yankees,Oswald Peraza,MI,0.5,18,57,49,8,15,3,0,1,2,2,0,6,9,0.306,0.404,0.429,0.832,138,0.396,153,21,3,2,0,0,0,6/4H,NA,perazos02
2022,New York Yankees,Harrison Bader,CF,-0.1,14,49,46,3,10,3,0,0,9,2,1,2,15,0.217,0.245,0.283,0.528,50,0.23,38,13,0,0,0,1,0,8/H,NA,baderha01
2022,New York Yankees,Tim Locastro,OF,-0.2,38,46,43,13,8,1,0,2,4,8,2,2,7,0.186,0.239,0.349,0.588,65,0.279,58,15,0,1,0,0,0,H7/89D,NA,locasti01
2022,New York Yankees,Estevan Florial,OF,-0.5,17,35,31,4,3,0,0,0,1,2,0,3,13,0.097,0.2,0.097,0.297,-11,0.168,-17,3,0,1,0,0,0,8/H7D,NA,flories01
2022,New York Yankees,Ronald Guzmán,1B,-0.2,3,6,6,0,0,0,0,0,0,0,0,0,5,0,0,0,0,-100,0,-129,0,1,0,0,0,0,/3,NA,guzmaro01
2022,New York Yankees,Rob Brantly,C,0,1,3,3,0,1,1,0,0,0,0,0,0,0,0.333,0.333,0.667,1,175,0.419,176,2,0,0,0,0,0,/2,NA,brantro01
2024,New York Yankees,Austin Wells,C,2.5,115,414,354,42,81,18,1,13,55,1,2,47,87,0.229,0.322,0.395,0.718,103,0.318,104,140,9,5,1,7,0,*2H/D,ROY-3,wellsau01
2024,New York Yankees,Anthony Rizzo,1B,0.2,92,375,337,38,77,12,0,8,35,0,0,27,65,0.228,0.301,0.335,0.637,81,0.297,88,113,7,9,0,2,0,3/H,NA,rizzoan01
2024,New York Yankees,Gleyber Torres,2B,1.8,154,665,587,80,151,26,0,15,63,4,3,65,136,0.257,0.33,0.378,0.709,101,0.318,103,222,6,3,2,8,0,*4/H,NA,torregl01
2024,New York Yankees,Anthony Volpe,SS,3.4,160,689,637,90,155,27,7,12,60,28,7,42,156,0.243,0.293,0.364,0.657,86,0.296,84,232,9,4,2,3,1,*6/H,NA,volpean01
2024,New York Yankees,Oswaldo Cabrera,3B,1.3,108,326,299,47,74,11,0,8,36,4,2,21,63,0.247,0.296,0.365,0.661,87,0.3,90,109,6,1,2,3,0,5H34/6791,NA,cabreos01
2024,New York Yankees,Alex Verdugo,LF,0.8,149,621,559,74,130,28,1,13,61,2,1,49,93,0.233,0.291,0.356,0.647,83,0.288,81,199,14,1,2,10,0,*79/8,NA,verdual01
2024,New York Yankees,Juan Soto,RF,7.9,157,713,576,128,166,31,4,41,109,7,4,129,119,0.288,0.419,0.569,0.989,178,0.424,179,328,10,4,0,4,2,*9/7DH,ASMVP-3SS,sotoju01
2024,New York Yankees,Giancarlo Stanton,DH,0.7,114,459,417,49,97,20,0,27,72,0,0,38,143,0.233,0.298,0.475,0.773,115,0.33,112,198,17,2,0,2,2,*D/H,NA,stantmi03
2024,New York Yankees,Jose Trevino,C,0.6,73,234,209,26,45,5,0,8,28,1,0,20,41,0.215,0.288,0.354,0.642,81,0.287,80,74,12,2,1,2,0,2/H1,NA,trevijo01
2024,New York Yankees,DJ LeMahieu,CI,-1.6,67,228,201,19,41,5,0,2,26,0,1,19,35,0.204,0.269,0.259,0.527,51,0.244,51,52,13,1,1,6,0,35/H,NA,lemahdj01
2024,New York Yankees,Trent Grisham,CF,0.4,76,209,179,21,34,8,0,9,31,1,1,22,57,0.19,0.29,0.385,0.675,90,0.306,95,69,5,4,1,2,1,8H/D,NA,grishtr01
2024,New York Yankees,Jazz Chisholm Jr.,3B,1.5,46,191,176,28,48,7,0,11,23,18,2,14,45,0.273,0.325,0.5,0.825,130,0.373,130,88,2,0,0,1,0,8-May,NA,chishja01
2024,New York Yankees,Ben Rice,1B,-0.4,50,178,152,20,26,6,0,7,23,0,1,20,48,0.171,0.264,0.349,0.613,72,0.275,74,53,2,1,0,5,0,3/H2,NA,ricebe01
2024,New York Yankees,Jon Berti,3B,0.6,25,74,66,10,18,0,0,1,6,5,1,6,14,0.273,0.342,0.318,0.661,90,0.334,108,21,2,1,1,0,0,5/H47D,NA,bertijo01
2024,New York Yankees,Jasson Domínguez,OF,-0.1,18,67,56,8,10,1,0,2,4,5,0,11,19,0.179,0.313,0.304,0.617,77,0.315,88,17,0,0,0,0,0,7/8HD,NA,dominja01
2024,New York Yankees,Jahmai Jones,UT,0,33,47,42,8,10,1,1,1,4,1,1,2,16,0.238,0.304,0.381,0.685,93,0.293,89,16,0,2,1,0,0,H/9D745,NA,jonesja08
2024,New York Yankees,J.D. Davis,1B,-0.2,7,22,19,1,2,1,0,0,1,0,0,3,9,0.105,0.227,0.158,0.385,13,0.191,12,3,2,0,0,0,0,/3DH,NA,davisjd01
2024,New York Yankees,Carlos Narváez,C,0.1,6,15,13,0,3,0,0,0,0,0,0,2,6,0.231,0.333,0.231,0.564,65,0.27,69,3,0,0,0,0,0,/2H,NA,narvaca01
2024,New York Yankees,Oswald Peraza,3B,0.1,4,11,10,2,2,0,0,1,1,0,0,1,3,0.2,0.273,0.5,0.773,113,0.329,110,5,0,0,0,0,0,/5,NA,perazos02
2024,New York Yankees,Taylor Trammell,OF,-0.1,5,2,1,2,1,0,0,0,0,0,0,1,0,1,1,1,2,472,0.79,435,1,0,0,0,0,0,/H79D,NA,trammta01
2024,New York Yankees,Duke Ellis,LF,0.1,3,1,1,0,1,0,0,0,0,1,0,0,0,1,1,1,2,473,1.142,536,1,0,0,0,0,0,/H7,NA,ellisdu01
2024,New York Yankees,Kevin Smith,DH,0,2,0,0,0,0,0,0,0,0,0,0,0,0,NA,NA,NA,NA,NA,NA,NA,0,0,0,0,0,0,/HD,NA,smithke05
2024,New York Yankees,Austin Wells,C,2.5,115,414,354,42,81,18,1,13,55,1,2,47,87,0.229,0.322,0.395,0.718,103,0.318,104,140,9,5,1,7,0,*2H/D,ROY-3,wellsau01
2024,New York Yankees,Anthony Rizzo,1B,0.2,92,375,337,38,77,12,0,8,35,0,0,27,65,0.228,0.301,0.335,0.637,81,0.297,88,113,7,9,0,2,0,3/H,NA,rizzoan01
2024,New York Yankees,Gleyber Torres,2B,1.8,154,665,587,80,151,26,0,15,63,4,3,65,136,0.257,0.33,0.378,0.709,101,0.318,103,222,6,3,2,8,0,*4/H,NA,torregl01
2024,New York Yankees,Anthony Volpe,SS,3.4,160,689,637,90,155,27,7,12,60,28,7,42,156,0.243,0.293,0.364,0.657,86,0.296,84,232,9,4,2,3,1,*6/H,NA,volpean01
2024,New York Yankees,Oswaldo Cabrera,3B,1.3,108,326,299,47,74,11,0,8,36,4,2,21,63,0.247,0.296,0.365,0.661,87,0.3,90,109,6,1,2,3,0,5H34/6791,NA,cabreos01
2024,New York Yankees,Alex Verdugo,LF,0.8,149,621,559,74,130,28,1,13,61,2,1,49,93,0.233,0.291,0.356,0.647,83,0.288,81,199,14,1,2,10,0,*79/8,NA,verdual01
2024,New York Yankees,Juan Soto,RF,7.9,157,713,576,128,166,31,4,41,109,7,4,129,119,0.288,0.419,0.569,0.989,178,0.424,179,328,10,4,0,4,2,*9/7DH,ASMVP-3SS,sotoju01
2024,New York Yankees,Giancarlo Stanton,DH,0.7,114,459,417,49,97,20,0,27,72,0,0,38,143,0.233,0.298,0.475,0.773,115,0.33,112,198,17,2,0,2,2,*D/H,NA,stantmi03
2024,New York Yankees,Jose Trevino,C,0.6,73,234,209,26,45,5,0,8,28,1,0,20,41,0.215,0.288,0.354,0.642,81,0.287,80,74,12,2,1,2,0,2/H1,NA,trevijo01
2024,New York Yankees,DJ LeMahieu,CI,-1.6,67,228,201,19,41,5,0,2,26,0,1,19,35,0.204,0.269,0.259,0.527,51,0.244,51,52,13,1,1,6,0,35/H,NA,lemahdj01
2024,New York Yankees,Trent Grisham,CF,0.4,76,209,179,21,34,8,0,9,31,1,1,22,57,0.19,0.29,0.385,0.675,90,0.306,95,69,5,4,1,2,1,8H/D,NA,grishtr01
2024,New York Yankees,Jazz Chisholm Jr.,3B,1.5,46,191,176,28,48,7,0,11,23,18,2,14,45,0.273,0.325,0.5,0.825,130,0.373,130,88,2,0,0,1,0,8-May,NA,chishja01
2024,New York Yankees,Ben Rice,1B,-0.4,50,178,152,20,26,6,0,7,23,0,1,20,48,0.171,0.264,0.349,0.613,72,0.275,74,53,2,1,0,5,0,3/H2,NA,ricebe01
2024,New York Yankees,Jon Berti,3B,0.6,25,74,66,10,18,0,0,1,6,5,1,6,14,0.273,0.342,0.318,0.661,90,0.334,108,21,2,1,1,0,0,5/H47D,NA,bertijo01
2024,New York Yankees,Jasson Domínguez,OF,-0.1,18,67,56,8,10,1,0,2,4,5,0,11,19,0.179,0.313,0.304,0.617,77,0.315,88,17,0,0,0,0,0,7/8HD,NA,dominja01
2024,New York Yankees,Jahmai Jones,UT,0,33,47,42,8,10,1,1,1,4,1,1,2,16,0.238,0.304,0.381,0.685,93,0.293,89,16,0,2,1,0,0,H/9D745,NA,jonesja08
2024,New York Yankees,J.D. Davis,1B,-0.2,7,22,19,1,2,1,0,0,1,0,0,3,9,0.105,0.227,0.158,0.385,13,0.191,12,3,2,0,0,0,0,/3DH,NA,davisjd01
2024,New York Yankees,Carlos Narváez,C,0.1,6,15,13,0,3,0,0,0,0,0,0,2,6,0.231,0.333,0.231,0.564,65,0.27,69,3,0,0,0,0,0,/2H,NA,narvaca01
2024,New York Yankees,Oswald Peraza,3B,0.1,4,11,10,2,2,0,0,1,1,0,0,1,3,0.2,0.273,0.5,0.773,113,0.329,110,5,0,0,0,0,0,/5,NA,perazos02
2024,New York Yankees,Taylor Trammell,OF,-0.1,5,2,1,2,1,0,0,0,0,0,0,1,0,1,1,1,2,472,0.79,435,1,0,0,0,0,0,/H79D,NA,trammta01
2024,New York Yankees,Duke Ellis,LF,0.1,3,1,1,0,1,0,0,0,0,1,0,0,0,1,1,1,2,473,1.142,536,1,0,0,0,0,0,/H7,NA,ellisdu01
2024,New York Yankees,Kevin Smith,DH,0,2,0,0,0,0,0,0,0,0,0,0,0,0,NA,NA,NA,NA,NA,NA,NA,0,0,0,0,0,0,/HD,NA,smithke05
2022,St. Louis Cardinals,Andrew Knizner,C,0.6,96,293,260,28,56,10,0,4,25,0,1,26,62,0.215,0.301,0.3,0.601,74,0.277,75,78,9,6,1,0,0,2/H31D,NA,kniznan01
2022,St. Louis Cardinals,Nolan Gorman,2B,0.7,89,313,283,44,64,13,0,14,35,1,0,28,103,0.226,0.3,0.42,0.721,104,0.316,102,119,2,2,0,0,0,4DH/7,NA,gormano01
2022,St. Louis Cardinals,Tommy Edman,SS,6.2,153,630,577,95,153,31,4,13,57,32,3,46,111,0.265,0.324,0.4,0.725,107,0.33,105,231,10,5,1,1,2,46/5H98,NA,edmanto01
2022,St. Louis Cardinals,Nolan Arenado,3B,7.7,148,620,557,73,163,42,1,30,103,5,3,52,72,0.293,0.358,0.533,0.891,151,0.381,150,297,15,7,0,4,3,*5D/H,ASMVP-3GGSS,arenano01
2022,St. Louis Cardinals,Tyler O'Neill,LF,1.2,96,383,334,56,76,11,1,14,58,14,4,38,103,0.228,0.308,0.392,0.7,99,0.312,97,131,9,4,0,7,0,78/HD,NA,oneilty01
2022,St. Louis Cardinals,Harrison Bader,CF,1.1,72,264,246,35,63,7,3,5,21,15,2,13,47,0.256,0.303,0.37,0.673,92,0.316,95,91,4,4,0,1,0,8/H,NA,baderha01
2022,St. Louis Cardinals,Lars Nootbaar,RF,2.1,108,347,290,53,66,16,3,14,40,4,1,51,71,0.228,0.34,0.448,0.788,124,0.344,121,130,3,1,0,5,1,9H87/D,NA,nootbla01
2022,St. Louis Cardinals,Albert Pujols,DH,2.1,109,351,307,42,83,14,0,24,68,1,2,28,55,0.27,0.345,0.55,0.895,151,0.385,153,169,13,10,0,6,1,DH3/1,AS,pujolal01
2022,St. Louis Cardinals,Dylan Carlson,OF,1.9,128,488,432,56,102,30,4,8,42,5,2,45,94,0.236,0.316,0.38,0.695,99,0.31,97,164,6,7,0,4,1,*89H/D,NA,carlsdy01
2022,St. Louis Cardinals,Brendan Donovan,UT,4.1,126,468,391,64,110,21,1,5,45,2,3,60,70,0.281,0.394,0.379,0.773,124,0.352,130,148,8,14,1,2,1,45973DH/6,ROY-3GG,donovbr01
2022,St. Louis Cardinals,Corey Dickerson,LF,-0.1,96,297,281,28,75,17,1,6,36,0,0,12,48,0.267,0.3,0.399,0.698,98,0.305,95,112,4,2,0,2,1,7DH9/1,NA,dickeco01
2022,St. Louis Cardinals,Juan Yepez,OF,0.4,76,274,253,27,64,13,0,12,30,0,0,16,61,0.253,0.296,0.447,0.742,109,0.331,113,113,6,1,0,4,0,7D93/5H,NA,yepezju01
2022,St. Louis Cardinals,Yadier Molina,C,0.1,78,270,262,19,56,8,0,5,24,2,0,5,40,0.214,0.233,0.302,0.535,52,0.244,49,79,10,2,0,1,0,2/13DH,NA,molinya01
2022,St. Louis Cardinals,Paul DeJong,SS,0.3,77,237,210,19,33,9,0,6,25,3,2,21,79,0.157,0.245,0.286,0.53,52,0.239,48,60,2,4,0,2,0,6/H4D,NA,dejonpa01
2022,St. Louis Cardinals,Edmundo Sosa,SS,0.6,53,131,122,17,23,4,3,0,8,3,1,4,38,0.189,0.244,0.27,0.515,48,0.251,54,33,3,5,0,0,0,6H5/D4,NA,sosaed01
2022,St. Louis Cardinals,Alec Burleson,UT,0,16,53,48,4,9,1,0,1,3,1,0,5,9,0.188,0.264,0.271,0.535,54,0.301,88,13,1,0,0,0,0,/93D7H,NA,burleal01
2022,St. Louis Cardinals,Austin Romine,C,-0.2,11,28,26,2,4,1,0,0,0,0,0,2,7,0.154,0.214,0.192,0.407,18,0.22,33,5,0,0,0,0,0,2/DH,NA,rominau01
2022,St. Louis Cardinals,Ben DeLuzio,CF,0.2,22,25,20,3,3,1,0,0,0,0,1,3,5,0.15,0.292,0.2,0.492,45,0.261,77,4,0,1,1,0,0,8/HD,NA,deluzbe01
2022,St. Louis Cardinals,Iván Herrera,C,-0.3,11,22,18,0,2,0,0,0,1,0,0,2,8,0.111,0.19,0.111,0.302,-10,0.152,-21,2,0,0,1,1,0,2,NA,herreiv01
2022,St. Louis Cardinals,Conner Capel,OF,-0.1,9,19,17,1,3,0,0,1,2,0,0,1,2,0.176,0.211,0.353,0.563,58,0.239,47,6,0,0,0,1,0,/97DH,NA,capelco01
2022,St. Louis Cardinals,Kramer Robertson,DH,-0.1,2,1,1,0,0,0,0,0,1,0,0,0,0,0,0,0,0,-100,0,-127,0,0,0,0,0,0,/H6D,NA,roberkr01
2022,St. Louis Cardinals,Cory Spangenberg,3B,0,1,0,0,0,0,0,0,0,0,0,0,0,0,NA,NA,NA,NA,NA,NA,NA,0,0,0,0,0,0,/5,NA,spangco01
2023,Atlanta Braves,Sean Murphy,C,3.9,108,438,370,65,93,21,0,21,68,0,0,49,98,0.251,0.365,0.478,0.844,127,0.371,129,177,18,18,0,1,0,2/DH,AS,murphse01
2023,Atlanta Braves,Matt Olson,1B,7.4,162,720,608,127,172,27,3,54,139,1,0,104,167,0.283,0.389,0.604,0.993,164,0.415,161,367,13,4,0,4,8,*3,ASMVP-4SS,olsonma02
2023,Atlanta Braves,Ozzie Albies,2B,4.7,148,660,596,96,167,30,5,33,109,13,1,46,107,0.28,0.336,0.513,0.849,126,0.362,120,306,9,8,0,8,2,*4,ASMVP-16,albieoz01
2023,Atlanta Braves,Orlando Arcia,SS,1.6,139,533,488,66,129,25,0,17,65,1,0,39,102,0.264,0.321,0.42,0.741,99,0.325,96,205,14,3,0,3,0,*6/H,AS,arciaor01
2023,Atlanta Braves,Austin Riley,3B,5.9,159,715,636,117,179,32,3,37,97,3,1,59,172,0.281,0.345,0.516,0.861,130,0.367,127,328,18,9,0,11,4,*5,ASMVP-7SS,rileyau01
2023,Atlanta Braves,Eddie Rosario,LF,1.1,142,516,478,64,122,24,3,21,74,3,4,34,122,0.255,0.305,0.45,0.755,101,0.324,98,215,13,1,1,2,1,*7DH,NA,rosared01
2023,Atlanta Braves,Michael Harris II,CF,3.4,138,539,505,76,148,33,3,18,57,20,4,25,101,0.293,0.331,0.477,0.808,116,0.351,112,241,8,5,1,3,1,*8/H,NA,harrimi04
2023,Atlanta Braves,Ronald Acuña Jr.,RF,8.2,159,735,643,149,217,35,4,41,106,73,14,80,84,0.337,0.416,0.596,1.012,171,0.444,173,383,15,9,0,3,3,*9/D,ASMVP-1SS,acunaro01
2023,Atlanta Braves,Marcell Ozuna,DH,3.3,144,592,530,84,145,29,1,40,100,0,0,57,134,0.274,0.346,0.558,0.905,140,0.384,139,296,9,3,0,2,1,*D/7H,MVP-19,ozunama01
2023,Atlanta Braves,Travis d'Arnaud,C,0.2,74,292,267,31,60,13,0,11,39,0,0,21,67,0.225,0.288,0.397,0.685,84,0.3,79,106,6,3,0,1,0,2/DH,NA,darnatr01
2023,Atlanta Braves,Kevin Pillar,LF,-0.1,81,206,197,29,45,10,0,9,32,4,1,6,50,0.228,0.248,0.416,0.664,76,0.289,70,82,2,0,0,3,0,7H9/8,NA,pillake01
2023,Atlanta Braves,Vaughn Grissom,SS,-0.7,23,80,75,5,21,3,1,0,9,0,1,2,15,0.28,0.313,0.347,0.659,79,0.285,73,26,2,2,0,1,0,6/4H,NA,grissva01
2023,Atlanta Braves,Sam Hilliard,CF,0.2,40,78,72,15,17,5,0,3,6,4,0,6,33,0.236,0.295,0.431,0.725,94,0.324,87,31,1,0,0,0,0,8H/79D,NA,hillisa01
2023,Atlanta Braves,Nicky Lopez,IF,0.8,25,72,65,13,18,3,0,1,12,2,0,5,10,0.277,0.333,0.369,0.703,91,0.33,96,24,0,1,0,1,0,4/6135H,NA,lopezni01
2023,Atlanta Braves,Eli White,CF,0,6,17,14,1,1,0,0,0,0,0,0,2,7,0.071,0.235,0.071,0.307,-10,0.178,-8,1,0,1,0,0,0,/8H,NA,whiteel04
2023,Atlanta Braves,Chadwick Tromp,C,-0.2,6,16,16,1,2,1,0,0,1,0,0,0,7,0.125,0.125,0.188,0.313,-17,0.133,-40,3,0,0,0,0,0,/2,NA,trompch01
2023,Atlanta Braves,Forrest Wall,OF,0.3,15,15,13,6,6,2,0,1,2,5,1,2,4,0.462,0.533,0.846,1.379,267,0.602,264,11,0,0,0,0,0,/H7D89,NA,wallfo01
2023,Atlanta Braves,Ehire Adrianza,SS,-0.3,5,11,10,0,0,0,0,0,0,0,0,1,4,0,0.091,0,0.091,-72,0.064,-89,0,0,0,0,0,0,/6H,NA,adriaeh01
2023,Atlanta Braves,Luke Williams,UT,-0.2,7,9,9,1,0,0,0,0,0,3,0,0,4,0,0,0,0,-100,0.079,-133,0,0,0,0,0,0,/H537D,NA,willilu01
2023,Atlanta Braves,Braden Shewmake,SS,-0.1,2,4,4,0,0,0,0,0,0,0,0,0,1,0,0,0,0,-100,0,-133,0,0,0,0,0,0,/6,NA,shewmbr01
2023,Atlanta Braves,Charlie Culberson,DH,0,1,1,1,0,1,0,0,0,0,0,0,0,0,1,1,1,2,447,0.803,433,1,0,0,0,0,0,/DH,NA,culbech01
2023,Atlanta Braves,Nick Solak,NA,NA,1,0,0,1,0,0,0,0,0,0,0,0,0,NA,NA,NA,NA,NA,NA,NA,0,0,0,0,0,0,/H,NA,solakni01
2023,Atlanta Braves,Braden Shewmake,SS,-0.1,2,4,4,0,0,0,0,0,0,0,0,0,1,0,0,0,0,-100,0,-133,0,0,0,0,0,0,/6,NA,shewmbr01
2023,Atlanta Braves,Charlie Culberson,DH,0,1,1,1,0,1,0,0,0,0,0,0,0,0,1,1,1,2,447,0.803,433,1,0,0,0,0,0,/DH,NA,culbech01
2023,Atlanta Braves,Nick Solak,NA,NA,1,0,0,1,0,0,0,0,0,0,0,0,0,NA,NA,NA,NA,NA,NA,NA,0,0,0,0,0,0,/H,NA,solakni01
2024,New York Yankees,Austin Wells,C,2.5,115,414,354,42,81,18,1,13,55,1,2,47,87,0.229,0.322,0.395,0.718,103,0.318,104,140,9,5,1,7,0,*2H/D,ROY-3,wellsau01
2024,New York Yankees,Anthony Rizzo,1B,0.2,92,375,337,38,77,12,0,8,35,0,0,27,65,0.228,0.301,0.335,0.637,81,0.297,88,113,7,9,0,2,0,3/H,NA,rizzoan01
2024,New York Yankees,Gleyber Torres,2B,1.8,154,665,587,80,151,26,0,15,63,4,3,65,136,0.257,0.33,0.378,0.709,101,0.318,103,222,6,3,2,8,0,*4/H,NA,torregl01
2024,New York Yankees,Anthony Volpe,SS,3.4,160,689,637,90,155,27,7,12,60,28,7,42,156,0.243,0.293,0.364,0.657,86,0.296,84,232,9,4,2,3,1,*6/H,NA,volpean01
2024,New York Yankees,Oswaldo Cabrera,3B,1.3,108,326,299,47,74,11,0,8,36,4,2,21,63,0.247,0.296,0.365,0.661,87,0.3,90,109,6,1,2,3,0,5H34/6791,NA,cabreos01
2024,New York Yankees,Alex Verdugo,LF,0.8,149,621,559,74,130,28,1,13,61,2,1,49,93,0.233,0.291,0.356,0.647,83,0.288,81,199,14,1,2,10,0,*79/8,NA,verdual01
2024,New York Yankees,Juan Soto,RF,7.9,157,713,576,128,166,31,4,41,109,7,4,129,119,0.288,0.419,0.569,0.989,178,0.424,179,328,10,4,0,4,2,*9/7DH,ASMVP-3SS,sotoju01
2024,New York Yankees,Giancarlo Stanton,DH,0.7,114,459,417,49,97,20,0,27,72,0,0,38,143,0.233,0.298,0.475,0.773,115,0.33,112,198,17,2,0,2,2,*D/H,NA,stantmi03
2024,New York Yankees,Jose Trevino,C,0.6,73,234,209,26,45,5,0,8,28,1,0,20,41,0.215,0.288,0.354,0.642,81,0.287,80,74,12,2,1,2,0,2/H1,NA,trevijo01
2024,New York Yankees,DJ LeMahieu,CI,-1.6,67,228,201,19,41,5,0,2,26,0,1,19,35,0.204,0.269,0.259,0.527,51,0.244,51,52,13,1,1,6,0,35/H,NA,lemahdj01
2024,New York Yankees,Trent Grisham,CF,0.4,76,209,179,21,34,8,0,9,31,1,1,22,57,0.19,0.29,0.385,0.675,90,0.306,95,69,5,4,1,2,1,8H/D,NA,grishtr01
2024,New York Yankees,Jazz Chisholm Jr.,3B,1.5,46,191,176,28,48,7,0,11,23,18,2,14,45,0.273,0.325,0.5,0.825,130,0.373,130,88,2,0,0,1,0,8-May,NA,chishja01
2024,New York Yankees,Ben Rice,1B,-0.4,50,178,152,20,26,6,0,7,23,0,1,20,48,0.171,0.264,0.349,0.613,72,0.275,74,53,2,1,0,5,0,3/H2,NA,ricebe01
2024,New York Yankees,Jon Berti,3B,0.6,25,74,66,10,18,0,0,1,6,5,1,6,14,0.273,0.342,0.318,0.661,90,0.334,108,21,2,1,1,0,0,5/H47D,NA,bertijo01
2024,New York Yankees,Jasson Domínguez,OF,-0.1,18,67,56,8,10,1,0,2,4,5,0,11,19,0.179,0.313,0.304,0.617,77,0.315,88,17,0,0,0,0,0,7/8HD,NA,dominja01
2024,New York Yankees,Jahmai Jones,UT,0,33,47,42,8,10,1,1,1,4,1,1,2,16,0.238,0.304,0.381,0.685,93,0.293,89,16,0,2,1,0,0,H/9D745,NA,jonesja08
2024,New York Yankees,J.D. Davis,1B,-0.2,7,22,19,1,2,1,0,0,1,0,0,3,9,0.105,0.227,0.158,0.385,13,0.191,12,3,2,0,0,0,0,/3DH,NA,davisjd01
2024,New York Yankees,Carlos Narváez,C,0.1,6,15,13,0,3,0,0,0,0,0,0,2,6,0.231,0.333,0.231,0.564,65,0.27,69,3,0,0,0,0,0,/2H,NA,narvaca01
2024,New York Yankees,Oswald Peraza,3B,0.1,4,11,10,2,2,0,0,1,1,0,0,1,3,0.2,0.273,0.5,0.773,113,0.329,110,5,0,0,0,0,0,/5,NA,perazos02
2024,New York Yankees,Taylor Trammell,OF,-0.1,5,2,1,2,1,0,0,0,0,0,0,1,0,1,1,1,2,472,0.79,435,1,0,0,0,0,0,/H79D,NA,trammta01
2024,New York Yankees,Duke Ellis,LF,0.1,3,1,1,0,1,0,0,0,0,1,0,0,0,1,1,1,2,473,1.142,536,1,0,0,0,0,0,/H7,NA,ellisdu01
2024,New York Yankees,Kevin Smith,DH,0,2,0,0,0,0,0,0,0,0,0,0,0,0,NA,NA,NA,NA,NA,NA,NA,0,0,0,0,0,0,/HD,NA,smithke05
2024,New York Yankees,Austin Wells,C,2.5,115,414,354,42,81,18,1,13,55,1,2,47,87,0.229,0.322,0.395,0.718,103,0.318,104,140,9,5,1,7,0,*2H/D,ROY-3,wellsau01
2024,New York Yankees,Anthony Rizzo,1B,0.2,92,375,337,38,77,12,0,8,35,0,0,27,65,0.228,0.301,0.335,0.637,81,0.297,88,113,7,9,0,2,0,3/H,NA,rizzoan01
2024,New York Yankees,Gleyber Torres,2B,1.8,154,665,587,80,151,26,0,15,63,4,3,65,136,0.257,0.33,0.378,0.709,101,0.318,103,222,6,3,2,8,0,*4/H,NA,torregl01
2024,New York Yankees,Anthony Volpe,SS,3.4,160,689,637,90,155,27,7,12,60,28,7,42,156,0.243,0.293,0.364,0.657,86,0.296,84,232,9,4,2,3,1,*6/H,NA,volpean01
2024,New York Yankees,Oswaldo Cabrera,3B,1.3,108,326,299,47,74,11,0,8,36,4,2,21,63,0.247,0.296,0.365,0.661,87,0.3,90,109,6,1,2,3,0,5H34/6791,NA,cabreos01
2024,New York Yankees,Alex Verdugo,LF,0.8,149,621,559,74,130,28,1,13,61,2,1,49,93,0.233,0.291,0.356,0.647,83,0.288,81,199,14,1,2,10,0,*79/8,NA,verdual01
2024,New York Yankees,Juan Soto,RF,7.9,157,713,576,128,166,31,4,41,109,7,4,129,119,0.288,0.419,0.569,0.989,178,0.424,179,328,10,4,0,4,2,*9/7DH,ASMVP-3SS,sotoju01
2024,New York Yankees,Giancarlo Stanton,DH,0.7,114,459,417,49,97,20,0,27,72,0,0,38,143,0.233,0.298,0.475,0.773,115,0.33,112,198,17,2,0,2,2,*D/H,NA,stantmi03
2024,New York Yankees,Jose Trevino,C,0.6,73,234,209,26,45,5,0,8,28,1,0,20,41,0.215,0.288,0.354,0.642,81,0.287,80,74,12,2,1,2,0,2/H1,NA,trevijo01
2024,New York Yankees,DJ LeMahieu,CI,-1.6,67,228,201,19,41,5,0,2,26,0,1,19,35,0.204,0.269,0.259,0.527,51,0.244,51,52,13,1,1,6,0,35/H,NA,lemahdj01
2024,New York Yankees,Trent Grisham,CF,0.4,76,209,179,21,34,8,0,9,31,1,1,22,57,0.19,0.29,0.385,0.675,90,0.306,95,69,5,4,1,2,1,8H/D,NA,grishtr01
2024,New York Yankees,Jazz Chisholm Jr.,3B,1.5,46,191,176,28,48,7,0,11,23,18,2,14,45,0.273,0.325,0.5,0.825,130,0.373,130,88,2,0,0,1,0,8-May,NA,chishja01
2024,New York Yankees,Ben Rice,1B,-0.4,50,178,152,20,26,6,0,7,23,0,1,20,48,0.171,0.264,0.349,0.613,72,0.275,74,53,2,1,0,5,0,3/H2,NA,ricebe01
2024,New York Yankees,Jon Berti,3B,0.6,25,74,66,10,18,0,0,1,6,5,1,6,14,0.273,0.342,0.318,0.661,90,0.334,108,21,2,1,1,0,0,5/H47D,NA,bertijo01
2024,New York Yankees,Jasson Domínguez,OF,-0.1,18,67,56,8,10,1,0,2,4,5,0,11,19,0.179,0.313,0.304,0.617,77,0.315,88,17,0,0,0,0,0,7/8HD,NA,dominja01
2024,New York Yankees,Jahmai Jones,UT,0,33,47,42,8,10,1,1,1,4,1,1,2,16,0.238,0.304,0.381,0.685,93,0.293,89,16,0,2,1,0,0,H/9D745,NA,jonesja08
2024,New York Yankees,J.D. Davis,1B,-0.2,7,22,19,1,2,1,0,0,1,0,0,3,9,0.105,0.227,0.158,0.385,13,0.191,12,3,2,0,0,0,0,/3DH,NA,davisjd01
2024,New York Yankees,Carlos Narváez,C,0.1,6,15,13,0,3,0,0,0,0,0,0,2,6,0.231,0.333,0.231,0.564,65,0.27,69,3,0,0,0,0,0,/2H,NA,narvaca01
2024,New York Yankees,Oswald Peraza,3B,0.1,4,11,10,2,2,0,0,1,1,0,0,1,3,0.2,0.273,0.5,0.773,113,0.329,110,5,0,0,0,0,0,/5,NA,perazos02
2024,New York Yankees,Taylor Trammell,OF,-0.1,5,2,1,2,1,0,0,0,0,0,0,1,0,1,1,1,2,472,0.79,435,1,0,0,0,0,0,/H79D,NA,trammta01
2024,New York Yankees,Duke Ellis,LF,0.1,3,1,1,0,1,0,0,0,0,1,0,0,0,1,1,1,2,473,1.142,536,1,0,0,0,0,0,/H7,NA,ellisdu01
2024,New York Yankees,Kevin Smith,DH,0,2,0,0,0,0,0,0,0,0,0,0,0,0,NA,NA,NA,NA,NA,NA,NA,0,0,0,0,0,0,/HD,NA,smithke05
2024,Los Angeles Dodgers,Will Smith,C,3.5,128,544,476,77,118,24,2,20,75,1,1,51,105,0.248,0.327,0.433,0.76,116,0.327,112,206,8,9,0,8,6,*2/HD,AS,smithwi05
2024,Los Angeles Dodgers,Freddie Freeman,1B,4.7,147,638,542,81,153,35,2,22,89,9,2,78,100,0.282,0.378,0.476,0.854,143,0.37,142,258,13,10,0,8,9,*3,ASMVP-17,freemfr01
2024,Los Angeles Dodgers,Gavin Lux,2B,2.1,139,487,439,59,110,24,2,10,50,5,2,44,110,0.251,0.32,0.383,0.703,101,0.314,103,168,8,2,0,2,0,*4H/6,NA,luxga01
2024,Los Angeles Dodgers,Miguel Rojas,SS,3.4,103,337,307,41,87,21,0,6,36,8,2,23,34,0.283,0.337,0.41,0.748,113,0.329,112,126,8,3,2,2,0,64H5/13,NA,rojasmi02
2024,Los Angeles Dodgers,Max Muncy,3B,3,73,293,237,47,55,17,0,15,48,1,0,45,77,0.232,0.358,0.494,0.852,141,0.361,136,117,1,5,0,6,3,5/H,NA,muncyma01
2024,Los Angeles Dodgers,Teoscar Hernández,LF,4.3,154,652,589,84,160,32,2,33,99,12,3,53,188,0.272,0.339,0.501,0.84,137,0.368,141,295,7,8,0,1,3,*79,ASMVP-19SS,hernate01
2024,Los Angeles Dodgers,Andy Pages,CF,1.3,116,443,403,65,100,23,1,13,46,1,2,29,108,0.248,0.305,0.407,0.712,102,0.31,101,164,8,6,0,4,0,*89/H7D,NA,pagesan01
2024,Los Angeles Dodgers,Jason Heyward,RF,0.8,63,197,173,25,36,10,2,6,28,4,0,17,36,0.208,0.289,0.393,0.682,93,0.3,90,68,3,4,0,3,0,9/H8,NA,heywaja01
2024,Los Angeles Dodgers,Mookie Betts,UT,4.8,116,516,450,75,130,24,5,19,75,16,2,61,57,0.289,0.372,0.491,0.863,145,0.377,145,221,10,1,0,4,2,694/H,ASMVP-13SS,bettsmo01
2024,Los Angeles Dodgers,Kiké Hernández,3B,1.3,126,393,362,44,83,16,0,12,42,0,0,27,77,0.229,0.281,0.373,0.654,85,0.294,88,135,13,0,1,3,0,5H3784/61D,NA,hernaen02
2024,Los Angeles Dodgers,Chris Taylor,UT,-0.1,87,246,213,28,43,7,1,4,23,5,1,28,76,0.202,0.298,0.3,0.598,73,0.289,82,64,5,2,1,2,0,754H/8,NA,tayloch03
2024,Los Angeles Dodgers,Austin Barnes,C,0.7,54,156,140,12,37,3,0,1,11,3,0,14,36,0.264,0.331,0.307,0.638,85,0.294,85,43,3,0,2,0,0,2/HD4,NA,barneau01
2024,Los Angeles Dodgers,James Outman,CF,-0.4,53,156,136,12,20,4,0,4,11,2,1,16,55,0.147,0.256,0.265,0.521,50,0.24,50,36,0,4,0,0,0,8H/79,NA,outmaja01
2024,Los Angeles Dodgers,Tommy Edman,UT,0.9,37,153,139,20,33,5,1,6,20,6,0,11,30,0.237,0.294,0.417,0.711,101,0.321,101,58,2,1,0,2,0,86/H4,NA,edmanto01
2024,Los Angeles Dodgers,Cavan Biggio,CI,-0.2,30,88,73,11,14,1,0,3,10,0,0,10,28,0.192,0.306,0.329,0.635,82,0.287,83,24,0,2,2,0,0,53/9H4,NA,biggica01
2024,Los Angeles Dodgers,Miguel Vargas,LF,0.3,30,80,71,11,17,4,0,3,9,1,0,8,16,0.239,0.313,0.423,0.735,108,0.319,104,30,1,0,0,1,0,7/H3,NA,vargami01
2024,Los Angeles Dodgers,Kevin Kiermaier,CF,0.1,34,64,59,7,12,2,1,1,8,1,2,2,20,0.203,0.242,0.322,0.564,60,0.263,74,19,1,1,2,0,0,8/H,NA,kiermke01
2024,Los Angeles Dodgers,Nick Ahmed,SS,-0.1,17,49,48,6,11,0,0,1,2,1,0,1,14,0.229,0.245,0.292,0.537,53,0.241,47,14,0,0,0,0,0,6/H,NA,ahmedni01
2024,Los Angeles Dodgers,Hunter Feduccia,C,0.1,5,14,12,2,4,0,0,0,1,0,0,2,2,0.333,0.429,0.333,0.762,123,0.354,132,4,1,0,0,0,0,/2H,NA,feduchu01
2024,Los Angeles Dodgers,Amed Rosario,IF,0.1,5,12,11,1,3,1,0,0,2,1,1,1,2,0.273,0.333,0.364,0.697,100,0.281,96,4,0,0,0,0,0,/46H5,NA,rosaram01
2024,Los Angeles Dodgers,Taylor Trammell,OF,-0.2,5,6,6,0,0,0,0,0,0,0,0,0,3,0,0,0,0,-100,0,-123,0,0,0,0,0,0,/H79,NA,trammta01
2024,Los Angeles Dodgers,Will Smith,C,3.5,128,544,476,77,118,24,2,20,75,1,1,51,105,0.248,0.327,0.433,0.76,116,0.327,112,206,8,9,0,8,6,*2/HD,AS,smithwi05
2024,Los Angeles Dodgers,Freddie Freeman,1B,4.7,147,638,542,81,153,35,2,22,89,9,2,78,100,0.282,0.378,0.476,0.854,143,0.37,142,258,13,10,0,8,9,*3,ASMVP-17,freemfr01
2024,Los Angeles Dodgers,Gavin Lux,2B,2.1,139,487,439,59,110,24,2,10,50,5,2,44,110,0.251,0.32,0.383,0.703,101,0.314,103,168,8,2,0,2,0,*4H/6,NA,luxga01
2024,Los Angeles Dodgers,Miguel Rojas,SS,3.4,103,337,307,41,87,21,0,6,36,8,2,23,34,0.283,0.337,0.41,0.748,113,0.329,112,126,8,3,2,2,0,64H5/13,NA,rojasmi02
2024,Los Angeles Dodgers,Max Muncy,3B,3,73,293,237,47,55,17,0,15,48,1,0,45,77,0.232,0.358,0.494,0.852,141,0.361,136,117,1,5,0,6,3,5/H,NA,muncyma01
2024,Los Angeles Dodgers,Teoscar Hernández,LF,4.3,154,652,589,84,160,32,2,33,99,12,3,53,188,0.272,0.339,0.501,0.84,137,0.368,141,295,7,8,0,1,3,*79,ASMVP-19SS,hernate01
2024,Los Angeles Dodgers,Andy Pages,CF,1.3,116,443,403,65,100,23,1,13,46,1,2,29,108,0.248,0.305,0.407,0.712,102,0.31,101,164,8,6,0,4,0,*89/H7D,NA,pagesan01
2024,Los Angeles Dodgers,Jason Heyward,RF,0.8,63,197,173,25,36,10,2,6,28,4,0,17,36,0.208,0.289,0.393,0.682,93,0.3,90,68,3,4,0,3,0,9/H8,NA,heywaja01
2024,Los Angeles Dodgers,Mookie Betts,UT,4.8,116,516,450,75,130,24,5,19,75,16,2,61,57,0.289,0.372,0.491,0.863,145,0.377,145,221,10,1,0,4,2,694/H,ASMVP-13SS,bettsmo01
2024,Los Angeles Dodgers,Kiké Hernández,3B,1.3,126,393,362,44,83,16,0,12,42,0,0,27,77,0.229,0.281,0.373,0.654,85,0.294,88,135,13,0,1,3,0,5H3784/61D,NA,hernaen02
2024,Los Angeles Dodgers,Chris Taylor,UT,-0.1,87,246,213,28,43,7,1,4,23,5,1,28,76,0.202,0.298,0.3,0.598,73,0.289,82,64,5,2,1,2,0,754H/8,NA,tayloch03
2024,Los Angeles Dodgers,Austin Barnes,C,0.7,54,156,140,12,37,3,0,1,11,3,0,14,36,0.264,0.331,0.307,0.638,85,0.294,85,43,3,0,2,0,0,2/HD4,NA,barneau01
2024,Los Angeles Dodgers,James Outman,CF,-0.4,53,156,136,12,20,4,0,4,11,2,1,16,55,0.147,0.256,0.265,0.521,50,0.24,50,36,0,4,0,0,0,8H/79,NA,outmaja01
2024,Los Angeles Dodgers,Tommy Edman,UT,0.9,37,153,139,20,33,5,1,6,20,6,0,11,30,0.237,0.294,0.417,0.711,101,0.321,101,58,2,1,0,2,0,86/H4,NA,edmanto01
2024,Los Angeles Dodgers,Cavan Biggio,CI,-0.2,30,88,73,11,14,1,0,3,10,0,0,10,28,0.192,0.306,0.329,0.635,82,0.287,83,24,0,2,2,0,0,53/9H4,NA,biggica01
2024,Los Angeles Dodgers,Miguel Vargas,LF,0.3,30,80,71,11,17,4,0,3,9,1,0,8,16,0.239,0.313,0.423,0.735,108,0.319,104,30,1,0,0,1,0,7/H3,NA,vargami01
2024,Los Angeles Dodgers,Kevin Kiermaier,CF,0.1,34,64,59,7,12,2,1,1,8,1,2,2,20,0.203,0.242,0.322,0.564,60,0.263,74,19,1,1,2,0,0,8/H,NA,kiermke01
2024,Los Angeles Dodgers,Nick Ahmed,SS,-0.1,17,49,48,6,11,0,0,1,2,1,0,1,14,0.229,0.245,0.292,0.537,53,0.241,47,14,0,0,0,0,0,6/H,NA,ahmedni01
2024,Los Angeles Dodgers,Hunter Feduccia,C,0.1,5,14,12,2,4,0,0,0,1,0,0,2,2,0.333,0.429,0.333,0.762,123,0.354,132,4,1,0,0,0,0,/2H,NA,feduchu01
2024,Los Angeles Dodgers,Amed Rosario,IF,0.1,5,12,11,1,3,1,0,0,2,1,1,1,2,0.273,0.333,0.364,0.697,100,0.281,96,4,0,0,0,0,0,/46H5,NA,rosaram01
2024,Los Angeles Dodgers,Taylor Trammell,OF,-0.2,5,6,6,0,0,0,0,0,0,0,0,0,3,0,0,0,0,-100,0,-123,0,0,0,0,0,0,/H79,NA,trammta01
